,movie_title,opening_gross,screens
0,10 Days in a Madhouse ,2451,10
1,10 Things I Hate About You ,8330681,2271
2,102 Dalmatians ,19883351,2704
3,12 Rounds ,5329240,2331
4,12 Years a Slave ,923715,19
5,127 Hours ,264851,4
6,13 Going on 30 ,21054238,3438
7,1408 ,20617667,2678
8,15 Minutes ,10523154,2337
9,16 Blocks ,11855260,2706
10,17 Again ,23722310,3255
11,2 Guns ,27059130,3025
12,2012 ,65237614,3404
13,2046 ,113074,4
14,21 & Over ,8754168,2771
15,21 Grams ,274454,8
16,21 Jump Street ,36302612,3121
17,21 ,24105943,2648
18,22 Jump Street ,57071445,3306
19,27 Dresses ,27442040,3057
20,28 Days ,10310672,2523
21,28 Weeks Later ,9807292,2303
22,3 Days to Kill ,12242218,2872
23,3:10 to Yuma ,14035033,2652
24,30 Days of Night ,15951902,2855
25,30 Minutes or Less ,13330118,2888
26,300: Rise of an Empire ,45038460,3470
27,3000 Miles to Graceland ,7160521,2545
28,300 ,70885301,
29,40 Days and 40 Nights ,12229529,2225
30,42 ,27487144,3003
31,47 Ronin ,9869000,2689
32,5 Days of War ,6254,2
33,50 First Dates ,45107871,3591
34,54 ,6611532,1859
35,8 Mile ,51240555,2470
36,88 Minutes ,6957216,2168
37,8MM ,14252888,2370
38,9 ,10740446,1661
39,A Beautiful Mind ,2501096,524
40,A Bug's Life ,33258052,2686
41,A Christmas Carol ,30051075,3683
42,A Cinderella Story ,13623350,2625
43,A Civil Action ,15163484,1802
44,A Dangerous Method ,167953,4
45,A Good Day to Die Hard ,24834845,3553
46,A Good Year ,3721526,2066
47,A Guy Thing ,8006232,2515
48,A History of Violence ,515992,14
49,A Knight's Tale ,16511391,2980
50,A Lot Like Love ,7576593,2502
51,A Madea Christmas ,16000000,2194
52,A Man Apart ,11019224,2459
53,A Mighty Heart ,3948863,1355
54,A Million Ways to Die in the West ,17069000,3158
55,A Most Violent Year ,1512224,818
56,A Most Wanted Man ,2717000,361
57,A Night at the Roxbury ,9604791,1865
58,A Perfect Getaway ,5948555,2159
59,A Scanner Darkly ,391672,
60,A Simple Plan ,3422072,660
61,A Simple Wish ,2732880,1676
62,A Sound of Thunder ,1190791,816
63,A Thousand Words ,6176280,1890
64,A Time to Kill ,19630000,2123
65,A Very Harold & Kumar 3D Christmas ,12954142,2875
66,A Very Long Engagement ,101749,4
67,A Walk Among the Tombstones ,12758780,2712
68,A Walk on the Moon ,78709,7
69,A Walk to Remember ,12177488,2411
70,A.I. Artificial Intelligence ,29352630,3242
71,Abandon ,5064077,2341
72,Abduction ,10925253,3118
73,About a Boy ,8557630,1207
74,About Last Night ,27838201,2253
75,About Schmidt ,282367,6
76,About Time ,1076250,175
77,Abraham Lincoln: Vampire Hunter ,16306974,3108
78,Absolute Power ,16770220,2568
79,Across the Universe ,3824988,954
80,Act of Valor ,10121,12
81,Adaptation. ,384478,7
82,Admission ,6154984,2160
83,After Earth ,27520040,3401
84,After the Sunset ,11100392,2819
85,Against the Ropes ,3038546,1601
86,Agent Cody Banks 2: Destination London ,8014005,2973
87,Agent Cody Banks ,14064317,3369
88,Air Force One ,37132505,2919
89,Alex & Emma ,6111074,2310
90,Alex Cross ,11396768,2339
91,Alex Rider: Operation Stormbreaker ,215177,221
92,"Alexander and the Terrible, Horrible, No Good, Very Bad Day ",18360230,3088
93,Alexander ,13687087,2445
94,Alfie ,6218335,2215
95,Alice Through the Looking Glass ,28112000,3763
96,Alien: Resurrection ,16474092,2415
97,Aliens in the Attic ,8008423,3106
98,Aliens vs. Predator: Requiem ,13655306,2611
99,Ali ,10216625,2446
100,All About Steve ,14058106,2251
101,All About the Benjamins ,10007291,1505
102,All Good Things ,37172,2
103,All the King's Men ,3672366,1514
104,All the Pretty Horses ,4860556,1548
105,All the Queen's Men ,15026,17
106,Almost Famous ,2314646,131
107,Aloha ,9670235,2815
108,Alone in the Dark ,2834421,2124
109,Along Came a Spider ,16712407,2530
110,Along Came Polly ,32450825,2984
111,Alpha and Omega ,9106906,2625
112,Alvin and the Chipmunks: Chipwrecked ,23244744,3723
113,Alvin and the Chipmunks: The Road Chip ,14287159,3653
114,Alvin and the Chipmunks: The Squeakquel ,48875415,3700
115,Alvin and the Chipmunks ,44307417,3475
116,Amen. ,16284,5
117,America's Sweethearts ,30181877,3011
118,American Beauty ,861531,16
119,American Dreamz ,3667420,1500
120,American Gangster ,43565135,3054
121,American Hustle ,740455,6
122,American Outlaws ,4855475,2348
123,American Pie 2 ,45117985,3063
124,American Pie ,18709680,2508
125,American Reunion ,21514080,3192
126,American Sniper ,89269067,3555
127,American Wedding ,33369440,3172
128,Amistad ,4661866,322
129,An American Carol ,3656000,1639
130,An American Haunting ,5783508,1680
131,An Ideal Husband ,198802,
132,An Unfinished Life ,1008308,139
133,Anacondas: The Hunt for the Blood Orchid ,12812287,2905
134,Anaconda ,16620887,2456
135,Analyze That ,11034422,2635
136,Analyze This ,18383507,2518
137,Anastasia ,204350,200
138,Anchorman 2: The Legend Continues ,26232425,3507
139,Anchorman: The Legend of Ron Burgundy ,28416365,3091
140,And So It Goes ,4552000,1762
141,Angel Eyes ,9225575,2375
142,Angela's Ashes ,54628,6
143,Angels & Demons ,46204168,3527
144,Anna and the King ,5223416,2132
145,Anna Karenina ,320690,16
146,Annie ,15861939,3116
147,Anonymous ,1012768,265
148,Ant-Man ,57225526,3856
149,Antitrust ,5486209,2433
150,Antwone Fisher ,210013,15
151,Antz ,17195160,2449
152,Any Given Sunday ,13584625,2505
153,Anything Else ,1673125,1033
154,Anywhere But Here ,5607137,1672
155,Apocalypto ,15005604,
156,Appaloosa ,248847,14
157,Ararat ,211130,6
158,Arbitrage ,2002165,197
159,Are We There Yet? ,18575214,2709
160,Argo ,19458109,3232
161,Arlington Road ,7515145,1631
162,Armageddon ,36089972,3127
163,Armored ,6511128,1915
164,Arthur Christmas ,12068931,3376
165,As Good as It Gets ,12606928,1572
166,Assault on Precinct 13 ,6502724,2297
167,Asterix at the Olympic Games ,,
168,Astro Boy ,6702923,3014
169,At First Sight ,8444321,1814
170,Atlantis: The Lost Empire ,329011,2
171,ATL ,11554404,
172,Atonement ,796836,32
173,Attack the Block ,137580,8
174,August Rush ,9421369,2310
175,Austin Powers in Goldmember ,73071188,3613
176,Austin Powers: International Man of Mystery ,9548111,2187
177,Austin Powers: The Spy Who Shagged Me ,54917604,3312
178,Australia ,14800723,2642
179,Autumn in New York ,10987006,2255
180,Avatar ,77025481,3452
181,Avengers: Age of Ultron ,191271109,4276
182,AVP: Alien vs. Predator ,38291056,3395
183,Away We Go ,130411,4
184,Baahubali: The Beginning ,1405000,210
185,Babe: Pig in the City ,6162640,2384
186,Babel ,389351,7
187,Baby Boy ,8606403,1533
188,Baby Geniuses ,5613587,1689
189,Baby Mama ,17407110,2543
190,Babylon A.D. ,11541571,3390
191,Bad Boys II ,46522560,3186
192,Bad Company ,11007367,2944
193,Bad Lieutenant: Port of Call New Orleans ,245398,27
194,Bad Moms ,23817340,3215
195,Bad Santa ,12292952,2005
196,Bad Teacher ,31603106,3049
197,Bait ,,
198,Ballistic: Ecks vs. Sever ,7010474,2705
199,Bandits ,13050700,3207
200,Bandslam ,2231273,2121
201,Bangkok Dangerous ,7783266,2650
202,Barbershop 2: Back in Business ,24241612,2711
203,Barbershop ,20627433,1605
204,Barney's Great Adventure ,2585292,540
205,Barney's Version ,65241,4
206,Basic Instinct 2 ,3201420,
207,Basic ,11511960,2876
208,Batman & Robin ,42872606,2934
209,Batman Begins ,48745440,3858
210,Batman v Superman: Dawn of Justice ,166007347,4242
211,Battle Los Angeles ,37573187,3417
212,Battle of the Year ,4603177,2008
213,Battleship ,25534825,3690
214,Be Cool ,23450212,3216
215,Be Kind Rewind ,4050655,808
216,Beastly ,9851102,1952
217,Beautiful Creatures ,7582595,2950
218,Beauty Shop ,12801465,2659
219,Beavis and Butt-Head Do America ,20114233,2190
220,Because I Said So ,13122865,2526
221,Because of Winn-Dixie ,13218723,3188
222,Becoming Jane ,2902117,601
223,Bedazzled ,13106526,2568
224,Bedtime Stories ,27450296,3681
225,Bee Movie ,38021044,3928
226,Beerfest ,7031228,2964
227,Before I Go to Sleep ,1843347,1902
228,Behind Enemy Lines ,18736133,2770
229,Being John Malkovich ,637721,25
230,Being Julia ,101126,8
231,Beloved ,8165551,1501
232,Beowulf ,27515871,3153
233,Beverly Hills Chihuahua ,29300465,3215
234,Beyond Borders ,2076402,1798
235,Bicentennial Man ,8234926,2518
236,Big Daddy ,41536370,3027
237,Big Fat Liar ,11554015,2531
238,Big Fish ,207377,6
239,Big Hero 6 ,56215889,3761
240,Big Miracle ,7760205,2047
241,Big Momma's House 2 ,27736056,3261
242,Big Momma's House ,25661041,2802
243,"Big Mommas: Like Father, Like Son ",19000000,2821
244,Big Trouble ,3545204,1961
245,Birdman or (The Unexpected Virtue of Ignorance) ,2471471,857
246,Birthday Girl ,2370809,1000
247,Birth ,1705577,550
248,Black Hawk Down ,193021,4
249,Black Knight ,11102948,2571
250,Black Nativity ,3669530,1516
251,Black Snake Moan ,4143199,
252,Black Swan ,1443809,18
253,Blackhat ,4415000,2567
254,Blade: Trinity ,16061271,2912
255,Blades of Glory ,33014202,3372
256,Blast from the Past ,9160263,2542
257,Blended ,18185000,3555
258,Bless the Child ,9413684,2524
259,Blindness ,1950260,1690
260,Blood and Chocolate ,2074300,1200
261,Blood and Wine ,420993,166
262,Blood Diamond ,8648324,
263,Blood Work ,7312413,2525
264,BloodRayne ,1550000,985
265,Blow ,12443461,2249
266,Blue Crush ,14169455,3002
267,Blue Jasmine ,612064,6
268,Blue Streak ,19208806,2735
269,Boat Trip ,3815075,1714
270,Bobby Jones: Stroke of Genius ,1233297,1332
271,Bobby ,69039,2
272,Body of Lies ,12884416,2710
273,Bogus ,1895593,1134
274,Bon voyage ,27480,1
275,Boogeyman ,19020655,3052
276,Boogie Nights ,4681934,907
277,Book of Shadows: Blair Witch 2 ,13223887,3317
278,Bowfinger ,18062550,2706
279,Brave ,66323594,4164
280,Breakdown ,12307128,2108
281,Breakfast of Champions ,42326,7
282,Brick Mansions ,9516855,2647
283,Bride of Chucky ,11830855,2412
284,Bride Wars ,21058173,3226
285,Bridge of Spies ,15371203,2811
286,Bridge to Terabithia ,28536717,3139
287,Bridget Jones's Diary ,10733933,1611
288,Bridget Jones: The Edge of Reason ,8684055,530
289,Brighton Rock ,,
290,Bringing Down the House ,31101026,2801
291,Bringing Out the Dead ,6193052,1936
292,Brokeback Mountain ,547425,5
293,Brokedown Palace ,3871616,1740
294,Broken Arrow ,,
295,Broken City ,8268908,2620
296,Brooklyn ,187281,5
297,Brother ,60029,11
298,Bruce Almighty ,85734045,3483
300,Bubble Boy ,2038349,1605
301,Buffalo Soldiers ,30977,6
302,Bullet to the Head ,4548201,2404
303,Bulletproof Monk ,8653542,2955
304,Bulworth ,10515839,2047
305,Burlesque ,11947744,3037
306,Burn After Reading ,19128001,2651
307,Burnt ,5002521,3003
308,By the Sea ,96250,10
309,Cadillac Records ,3445559,687
310,Capitalism: A Love Story ,231964,4
311,Captain America: Civil War ,179139142,4226
312,Captain America: The First Avenger ,65058524,3715
313,Captain America: The Winter Soldier ,95023721,3938
314,Captain Corelli's Mandolin ,7209345,1595
315,Captain Phillips ,26000000,3020
316,Carnage ,79795,5
317,Cars 2 ,66135507,4115
318,Case 39 ,5350570,2211
319,Casino Jack ,34528,7
320,Cast Away ,28883406,2774
321,Catch a Fire ,2026997,1306
322,Catch Me If You Can ,30082000,3156
323,Catch That Kid ,5824860,2847
324,Cats & Dogs: The Revenge of Kitty Galore ,12279363,3705
325,Cats & Dogs ,21707617,3040
326,Cats Don't Dance ,1212189,1252
327,Catwoman ,16728411,3117
328,Celebrity ,1588013,493
329,Cellular ,10100571,2749
330,Center Stage ,4604621,1506
331,Central Intelligence ,35535250,3508
332,Centurion ,42826,12
333,Chain Reaction ,7546000,2255
334,Changeling ,9351560,1
335,Changing Lanes ,17128062,2613
336,Chappie ,13346782,3201
337,Charlie and the Chocolate Factory ,56178450,
338,Charlie Bartlett ,1836256,1122
339,Charlie St. Cloud ,12381585,2718
340,Charlie Wilson's War ,15952430,2575
341,Charlie's Angels: Full Throttle ,37634221,3459
342,Charlie's Angels ,40128550,3037
343,Charlotte's Web ,11457353,3566
344,Chasing Liberty ,6081483,2400
345,Chasing Mavericks ,2268274,2002
346,Cheaper by the Dozen 2 ,15340679,3175
347,Cheaper by the Dozen ,27557647,3298
349,Chicago ,2074929,77
350,Chicken Little ,40049778,3654
351,Chicken Run ,17506162,2491
352,Child 44 ,621812,510
353,Children of Men ,179268,
354,Chill Factor ,5810531,2558
355,Chloe ,900688,350
356,Chocolat ,3093590,658
357,Christmas with the Kranks ,21570867,3393
358,Chronicle ,22004098,2907
359,Cinderella Man ,18320205,2812
360,Cirque du Freak: The Vampire's Assistant ,6293205,3074
361,Cirque du Soleil: Worlds Away ,2135000,840
362,City by the Sea ,8935426,2575
363,City Hall ,,
364,City of Angels ,15369048,2212
365,City of Ember ,3129473,2022
366,City of Ghosts ,30547,6
367,CJ7 ,49770,19
368,Click ,40011365,3749
369,Clockstoppers ,10108333,2540
370,Closer ,7707972,476
371,Cloud Atlas ,9612247,2008
372,Cloudy with a Chance of Meatballs 2 ,34017930,4001
373,Cloudy with a Chance of Meatballs ,30304648,3119
374,Cloverfield ,46146546,3411
375,Coach Carter ,29168180,2524
376,Coco Before Chanel ,177399,5
377,Code Name: The Cleaner ,4244142,
378,Cold Mountain ,14574213,2163
379,Collateral Damage ,15058432,2824
380,Collateral ,24701458,3188
381,Colombiana ,10408176,2614
382,Con Air ,24131738,2824
383,Concussion ,10513749,2841
384,Confessions of a Dangerous Mind ,12537,2
385,Confessions of a Teenage Drama Queen ,9350572,2503
386,Confidence ,4563588,1871
387,Connie and Carla ,3254940,1014
388,Conspiracy Theory ,19313566,2806
389,Contact ,20584908,1923
390,Containment ,,
391,Contraband ,24349815,2863
392,Cop Land ,13510482,2233
393,Cop Out ,18211126,3150
394,Copying Beethoven ,70460,26
395,Coraline ,16849646,2299
396,Corky Romano ,9023173,2062
397,Corpse Bride ,385078,5
398,Country Strong ,30000,2
399,Couples Retreat ,34286740,3000
400,Courage Under Fire ,12501000,1986
401,Courage ,1365000,1565
402,Coyote Ugly ,17319282,2653
403,Cradle 2 the Grave ,16521486,2625
404,Cradle Will Rock ,93998,8
405,Crank: High Voltage ,6963565,2223
406,Crank ,12896635,2515
407,Crazy in Alabama ,1010596,1214
408,"Crazy, Stupid, Love. ",19104303,3020
409,Creed ,29632823,3404
410,Criminal ,5767278,2683
411,Critical Care ,43380,10
412,Crocodile Dundee in Los Angeles ,7714362,2123
413,"Crouching Tiger, Hidden Dragon ",663205,16
414,Cruel Intentions ,13020565,2312
415,Curious George ,14703405,2566
416,Daddy Day Care ,27623580,3370
417,Daddy's Home ,38740203,3271
418,Dance Flick ,12622450,2450
419,Dancer in the Dark ,91612,3
420,Dante's Peak ,18479435,2657
421,Dark Blue ,3880688,2176
422,Dark City ,5576953,1754
423,Dark Shadows ,29685274,3755
424,Dark Water ,9939251,2657
425,Darling Companion ,39962,4
426,Date Movie ,21812384,2896
427,Date Night ,25207599,3374
428,Dawn of the Planet of the Apes ,72611427,3967
429,Daybreakers ,15146692,2523
430,Daylight ,10014795,2175
431,De-Lovely ,400001,16
432,Dead Man Down ,5345250,2188
433,Dead Man on Campus ,4704688,1797
434,Deadpool ,135050000,3558
435,Dear John ,30468614,2969
436,Death Race ,12621090,2532
437,Death Sentence ,5337257,1822
438,Death to Smoochy ,4266463,2164
439,Deck the Halls ,12001256,3205
440,Deconstructing Harry ,356476,10
441,Deep Blue Sea ,19107643,2854
442,Deep Impact ,41152375,3156
443,Deep Rising ,4737793,1758
444,Delgo ,511920,2160
445,Deliver Us from Evil ,9740471,3049
446,Delivery Man ,8215000,3036
447,Derailed ,12211986,2443
448,Despicable Me 2 ,83517315,3997
449,Despicable Me ,56397125,3476
450,Detroit Rock City ,2005512,1802
451,Deuce Bigalow: European Gigolo ,9626287,3127
452,Deuce Bigalow: Male Gigolo ,12224016,2151
453,Diary of a Wimpy Kid: Dog Days ,14623599,3391
454,Diary of a Wimpy Kid: Rodrick Rules ,23751502,3167
455,Diary of a Wimpy Kid ,22126166,3077
456,Dickie Roberts: Former Child Star ,6660540,2026
457,Dick ,2210267,1522
458,Did You Hear About the Morgans? ,6616571,2718
459,Die Another Day ,47072040,3314
460,Dinner for Schmucks ,23527839,2911
461,Dinosaur ,38854851,3257
462,Dirty Grandpa ,11111875,2912
463,Dirty Work ,3634236,1776
464,Disaster Movie ,6945535,2642
465,District 9 ,37354308,3049
466,Disturbia ,22224982,2925
467,Disturbing Behavior ,7070714,1842
468,Divergent ,54607747,3936
469,Divine Secrets of the Ya-Ya Sisterhood ,16167412,2507
470,Django Unchained ,30688000,3010
471,DOA: Dead or Alive ,260713,505
472,Dodgeball: A True Underdog Story ,30070196,2694
473,Dolphin Tale 2 ,15873397,3656
474,Domestic Disturbance ,14033112,2910
475,Domino ,4670120,2223
476,Don't Be Afraid of the Dark ,8525728,2760
477,Don't Say a Word ,17090474,2802
478,Donnie Brasco ,11660216,1503
479,Doogal ,3605899,2318
480,Doomsday ,4926565,1936
481,Doom ,15488870,3043
482,Double Jeopardy ,23162542,2547
483,Double Take ,4650,1
484,Doubt ,507226,15
485,Down to Earth ,20027309,2521
486,Downfall ,18195,1
487,Dracula 2000 ,8636567,2204
488,Dracula Untold ,23514615,2885
489,Draft Day ,9783603,2781
490,Drag Me to Hell ,15825480,2508
491,Dragonball: Evolution ,4756488,2181
492,Dragonfly ,10216025,2507
493,DragonHeart ,1238000,
494,Dream House ,8129355,2661
495,Dreamcatcher ,15027423,2945
496,Dreamer: Inspired by a True Story ,9178233,2007
497,Dreamgirls ,378950,3
498,Dredd ,6278491,2506
499,Drillbit Taylor ,10309986,3056
500,Drive Angry ,5187625,2290
501,Driven ,12174504,2905
502,Drive ,11340461,2886
503,Drowning Mona ,5802229,1981
504,Drumline ,12604705,1836
505,"Dude, Where's My Car? ",13845914,2087
506,Dudley Do-Right ,3018345,1802
507,Due Date ,32689406,3355
508,Duets ,2002588,581
509,Duma ,105422,42
510,Dumb and Dumber To ,14200000,3154
511,Dumb and Dumberer: When Harry Met Lloyd ,10845064,2609
512,Duplex ,4617128,2189
513,Duplicity ,13965110,2574
514,Dylan Dog: Dead of Night ,754779,875
515,Eagle Eye ,29150721,3510
516,Earth to Echo ,8250000,3230
517,Earth ,42449,8
518,Eastern Promises ,547092,15
519,Easy Virtue ,143038,10
520,Eat Pray Love ,23104523,3082
521,Eddie the Eagle ,6084682,2042
522,Edge of Darkness ,17214384,3066
523,Edge of Tomorrow ,28760246,3490
524,Edtv ,8311290,2626
525,Eight Below ,24968601,3066
526,Eight Legged Freaks ,6485458,2530
527,Elektra ,14792335,3203
528,Elf ,31113501,3337
529,Elizabeth: The Golden Age ,6153075,2001
530,Elizabethtown ,10618711,2517
531,Elizabeth ,275131,9
532,Ella Enchanted ,6169030,1931
533,Elysium ,29807393,3284
534,Enchanted ,34440317,3730
535,End of Days ,20523595,2593
536,End of Watch ,13152683,2730
537,Ender's Game ,27017351,3407
538,Endless Love ,15059000,2800
539,Enemy at the Gates ,13810266,1509
540,Enemy of the State ,20038573,2393
541,Enough ,17213137,2623
542,Enter the Void ,43651,3
543,Entrapment ,20145595,2815
544,Envy ,6160886,2445
545,Epic Movie ,18612544,2801
546,Epic ,33531068,3882
547,Equilibrium ,541512,301
548,Eragon ,23239907,3020
549,Eraser ,24566446,2410
550,Erin Brockovich ,28138465,2848
551,Ernest & Celestine ,13078,1
552,Escape from L.A. ,8912557,2312
553,Escape from Planet Earth ,15891055,3288
554,Escape Plan ,9800000,2883
555,Escobar: Paradise Lost ,106869,105
556,Eternal Sunshine of the Spotless Mind ,8175198,1353
557,EuroTrip ,6711384,2512
558,Evan Almighty ,31192615,3604
559,Event Horizon ,9511915,2311
560,Ever After: A Cinderella Story ,8526904,1767
561,Everest ,13242895,3006
562,Everybody's Fine ,3852068,2133
563,Everyone Says I Love You ,131678,3
564,Evil Dead ,25775847,3025
565,Evita ,8381055,704
566,Ex Machina ,5349500,1255
567,Executive Decision ,12100000,
568,Exit Wounds ,18485586,2830
569,Exodus: Gods and Kings ,24115934,3503
570,Exorcist: The Beginning ,18054001,2803
571,Extraordinary Measures ,6012594,2545
572,Extreme Measures ,6906546,2298
573,Extreme Ops ,2233525,1800
574,Extremely Loud & Incredibly Close ,110775,6
575,Eye for an Eye ,6968044,1528
576,Eye of the Beholder ,5959447,1751
577,Eye See You ,32300,78
578,Eyes Wide Shut ,21706163,2411
579,Failure to Launch ,24411322,3057
580,Fair Game ,651802,46
581,Faithful ,,
582,Fame ,10011682,3096
583,Fantasia 2000 ,2911485,1313
584,Fantastic 4: Rise of the Silver Surfer ,58051684,3959
585,Fantastic Mr. Fox ,6965267,2033
586,Far from Heaven ,211279,6
587,Fast Five ,86198765,3644
588,Faster ,8523153,2454
589,Fat Albert ,10021510,2674
590,Fateless ,12680,
591,Fear and Loathing in Las Vegas ,4335095,1126
592,Feardotcom ,7087457,2550
593,Felicia's Journey ,43131,5
594,Femme Fatale ,2776248,1066
595,Fever Pitch ,12400125,3267
596,Fifty Shades of Grey ,94395000,3646
597,Fight Club ,11035485,1963
598,Final Destination 2 ,16017141,2834
599,Final Destination 3 ,19173094,2880
600,Final Destination 5 ,18031396,3155
601,Final Destination ,10015822,2587
602,Final Fantasy: The Spirits Within ,11408853,2649
603,Find Me Guilty ,608804,439
604,Finding Forrester ,701207,200
605,Finding Nemo ,16687773,2904
606,Finding Neverland ,220524,8
607,Firestorm ,,
608,Firewall ,13635463,2840
609,Flags of Our Fathers ,10245190,1876
610,Flash of Genius ,2251075,1098
611,Fled ,5405000,2104
612,Flicka ,7703551,2877
613,Flight of the Phoenix ,5019430,2604
614,Flightplan ,24629938,3424
615,Flight ,24900566,1884
616,Flipped ,224233,45
617,Flipper ,213370,
618,Flubber ,35892031,2641
619,Flushed Away ,18814323,3707
620,Flyboys ,6004219,2033
621,Focus ,18685137,3323
622,Fool's Gold ,21589295,3125
623,For Colored Girls ,19497324,2127
624,For Love of the Game ,13041685,2829
625,For Your Consideration ,372012,23
626,Forgetting Sarah Marshall ,17725330,2798
627,Formula 51 ,2817719,1857
628,Four Brothers ,21176925,2533
629,Four Christmases ,31069826,3310
630,Frailty ,4208655,1497
631,Frankenweenie ,11412213,3005
632,Freaky Friday ,22203007,2954
633,Freddy Got Fingered ,7098459,2271
634,Freddy vs. Jason ,36428066,3014
635,Free Birds ,15805237,3736
636,Free State of Jones ,7772000,
637,Freedom Writers ,9405582,
638,Frequency ,9025584,2621
639,Frida ,205996,5
640,Friends with Benefits ,18622150,2926
641,From Dusk Till Dawn ,10240805,2004
642,From Hell ,11014818,2305
643,From Justin to Kelly ,2715848,2001
644,From Paris with Love ,8158860,2722
645,Frozen ,67391326,3742
646,Fun Size ,4101017,3014
647,Fun with Dick and Jane ,21530160,3056
648,Funny Games ,510958,274
649,Funny People ,22657780,3007
650,Fur: An Imaginary Portrait of Diane Arbus ,28815,4
651,Furious 7 ,147187040,4004
652,Furry Vengeance ,6627564,2997
653,Fury ,82251953,3313
654,G-Force ,31706934,3697
655,G.I. Jane ,11094241,1945
656,G.I. Joe: Retaliation ,40501814,3719
657,G.I. Joe: The Rise of Cobra ,54713046,4007
658,Galaxy Quest ,7012630,2412
659,Gamer ,11203761,2502
660,Gangs of New York ,9496870,1504
661,Gangster Squad ,17070347,3103
662,Garfield ,21727611,3094
663,Gattaca ,4320202,1279
664,George of the Jungle ,22878989,2506
665,Georgia Rule ,6773870,2523
666,Get Carter ,6637830,2315
667,Get Hard ,33803253,3175
668,Get Him to the Greek ,17570955,2697
669,Get on Up ,13585915,2468
670,Get Rich or Die Tryin' ,12020807,1652
671,Get Smart ,38683480,3911
672,Getaway ,5606142,2130
673,Ghost Rider: Spirit of Vengeance ,22115334,3174
674,Ghost Rider ,52022908,3619
675,Ghost Ship ,11503423,2787
676,Ghost Town ,5012315,1505
677,Ghosts of Mars ,3804452,2048
678,Ghosts of Mississippi ,168012,21
679,Gigli ,3753518,2215
680,Girl 6 ,,
681,Girl with a Pearl Earring ,89472,7
682,"Girl, Interrupted ",95399,9
683,Gladiator ,34819017,2938
684,Glory Road ,16927589,2222
685,Goal! The Dream Begins ,1921838,1007
686,Gods and Generals ,4675246,1533
687,Gods of Egypt ,14123903,3117
688,Godsend ,6800617,2323
689,Going the Distance ,8508290,3030
690,Gone Girl ,37513109,3014
691,Gone in Sixty Seconds ,25336048,3006
692,Good Luck Chuck ,13652001,2612
693,Good ,9508,2
694,Goosebumps ,23618556,3501
695,Gosford Park ,3395759,658
696,Gossip ,2321729,1525
697,Gothika ,19288438,2382
698,Gran Torino ,271720,6
699,Gravity ,55785112,3575
700,Green Lantern ,53174303,3816
701,Green Zone ,14309295,3003
702,Gridiron Gang ,14414630,3504
703,Grindhouse ,11596613,2624
704,Grosse Pointe Blank ,6870397,1227
705,Grown Ups 2 ,41508572,3491
706,Grown Ups ,40506562,3534
707,Grudge Match ,7310000,2838
708,Guardians of the Galaxy ,94320883,4080
709,Guess Who ,20671446,3147
710,Gulliver's Travels ,6307691,2546
711,"Hail, Caesar! ",11355225,2232
712,Hairspray ,27476745,3121
713,Half Past Dead ,7820536,2113
714,Hall Pass ,13535374,2950
715,Halloween: Resurrection ,12292121,1954
716,Hancock ,62603879,3965
717,Hanging Up ,13567978,
718,Hannah Montana: The Movie ,32324487,3118
719,Hannibal Rising ,13051650,3003
720,Hansel & Gretel: Witch Hunters ,19690956,3372
721,Happily N'Ever After ,6608244,
722,Happy Feet 2 ,21237068,3606
723,Hard Rain ,8009024,2107
724,Hardball ,9386342,2137
725,Harold & Kumar Escape from Guantanamo Bay ,14908404,2510
726,Harriet the Spy ,9580000,1826
727,Harry Potter and the Chamber of Secrets ,88357488,3682
728,Harry Potter and the Deathly Hallows: Part II ,,
729,Harry Potter and the Deathly Hallows: Part I ,,
730,Harry Potter and the Goblet of Fire ,102335066,3858
731,Harry Potter and the Half-Blood Prince ,77835727,4325
732,Harry Potter and the Order of the Phoenix ,77108414,4
733,Harry Potter and the Prisoner of Azkaban ,93687367,3855
734,Harry Potter and the Sorcerer's Stone ,90294621,3672
735,Hart's War ,8907413,2459
736,Haywire ,8425370,2439
737,He Got Game ,7610663,1319
738,He's Just Not That Into You ,27785487,3175
739,Head of State ,13503484,2151
740,Head Over Heels ,4804595,2338
741,Heartbreakers ,11801323,2750
742,Hearts in Atlantis ,9021494,1751
743,Heaven Is for Real ,22522221,2417
744,Hellboy II: The Golden Army ,34539115,3204
745,Herbie Fully Loaded ,12709221,3521
746,Here Comes the Boom ,11816596,3014
747,Here on Earth ,4510705,1714
748,Hereafter ,220322,6
749,Her ,260382,6
750,Hidalgo ,18829435,3063
751,Hide and Seek ,21959233,3005
752,High Crimes ,14005550,2717
753,High Fidelity ,6429107,1183
754,High School Musical 3: Senior Year ,42030184,3623
755,Highlander: Endgame ,6223330,1543
756,Hitch ,43142214,3575
757,Hitman ,13180769,2458
758,Holes ,16300155,2331
759,Hollow Man ,26414386,2956
760,Hollywood Ending ,2017981,765
761,Hollywood Homicide ,11112632,2840
762,Holy Man ,5106919,2013
763,Home on the Range ,13880771,3047
764,Homefront ,6915241,2570
765,Honey ,12856040,1942
766,Hoodwinked Too! Hood vs. Evil ,4108630,2505
767,Hoodwinked! ,16879402,2394
768,Hoot ,3368197,3018
769,Hope Floats ,14210464,2367
770,Hope Springs ,14650121,2361
771,Hop ,37543710,3579
772,Horrible Bosses 2 ,15457418,3375
773,Horrible Bosses ,28302165,3040
774,Hostage ,10214734,2123
775,Hot Fuzz ,5848464,825
776,Hot Pursuit ,13942258,3003
777,Hot Rod ,5310711,2607
778,Hot Tub Time Machine 2 ,5963324,2880
779,Hot Tub Time Machine ,14020502,2754
780,Hotel for Dogs ,17012212,3271
781,Hotel Rwanda ,100091,7
782,Hotel Transylvania 2 ,48464322,3754
783,Hotel Transylvania ,42522194,3349
784,House of Flying Daggers ,397472,15
785,House of Sand and Fog ,45572,2
786,House on Haunted Hill ,15946032,2710
787,Housefull ,642156,82
788,How Do You Know ,7484696,2483
789,How High ,9779850,1266
790,How She Move ,3957471,1531
791,How Stella Got Her Groove Back ,11318919,1395
792,How the Grinch Stole Christmas ,55082330,3127
793,How to Be a Player ,5736692,
794,How to Be Single ,18750000,3343
795,How to Deal ,5809960,2319
796,How to Lose a Guy in 10 Days ,23774850,2923
797,How to Lose Friends & Alienate People ,1430294,1750
798,How to Train Your Dragon 2 ,49451322,4253
799,How to Train Your Dragon ,43732319,4055
800,Hugo ,11364505,1277
801,Hulk ,62128420,3660
802,I Am Legend ,77211321,3606
803,I Am Number Four ,22755854,3
804,I Am Sam ,25993,1
805,I Can Do Bad All by Myself ,23446785,2255
806,I Don't Know How She Does It ,4402201,2476
807,I Dreamed of Africa ,2411445,2112
808,I Heart Huckabees ,292177,4
809,I Know What You Did Last Summer ,15818645,2524
810,I Love You Phillip Morris ,112520,6
811,"I Love You, Beth Cooper ",4919433,1858
812,"I Love You, Man ",17810270,2711
813,I Still Know What You Did Last Summer ,16520038,2443
814,I Think I Love My Wife ,5674802,1776
815,I'm Not There. ,730819,130
816,"I, Robot ",52179887,3420
817,Ice Age: Continental Drift ,46629259,3881
818,Ice Age: Dawn of the Dinosaurs ,41690382,4099
819,Ice Age: The Meltdown ,68033544,
820,Ice Age ,46312454,3316
821,Ice Princess ,6807471,2501
822,Identity Thief ,34551025,3141
823,Identity ,16225263,2733
824,Idle Hands ,1807181,1611
825,Idlewild ,5745780,973
826,If I Stay ,15679190,2907
827,Imagine That ,5503519,3008
828,Immortals ,32206425,3112
829,Impostor ,3022523,1870
830,In & Out ,15019821,1992
831,In Bruges ,457227,28
832,In Dreams ,4593872,1670
833,In Good Company ,151750,3
834,In the Cut ,97625,6
835,In the Land of Blood and Honey ,9479,2
836,In the Land of Women ,4712341,2155
837,In the Name of the King: A Dungeon Siege Tale ,2984524,1632
838,In the Valley of Elah ,133557,9
839,In Time ,12050368,3122
840,Independence Day: Resurgence ,41039944,4068
841,Independence Day ,50228264,2
842,Indiana Jones and the Kingdom of the Crystal Skull ,126917373,4260
843,Infamous ,452966,179
844,Inherent Vice ,2773260,645
845,Inkheart ,7601379,2655
846,Inside Llewyn Davis ,405411,4
847,Inside Man ,28954945,2818
848,Inside Out ,90440272,3946
849,Insomnia ,20930169,2610
850,Inspector Gadget ,21889138,2814
851,Instinct ,10390387,2059
852,Interstellar ,47510360,3561
853,Into the Blue ,7057854,2789
854,Into the Storm ,18015000,3434
855,Into the Wild ,212440,4
856,Into the Woods ,31051923,2440
857,Intolerable Cruelty ,12525075,2564
858,Invictus ,8611147,2125
859,Ip Man 3 ,784839,103
860,Iron Man 2 ,128122480,4380
861,Iron Man 3 ,174144585,4253
862,Iron Man ,98618668,4105
863,Isn't She Great ,1368705,750
864,It's Complicated ,22100822,2887
865,J. Edgar ,11217324,1910
866,Jack and Jill ,25003575,3438
867,Jack Ryan: Shadow Recruit ,17200000,3387
868,Jack the Giant Slayer ,27202226,3525
869,Jackass 3D ,50353641,3081
870,Jackass Number Two ,29002002,3059
871,Jakob the Liar ,2056647,1200
872,Jane Got a Gun ,803000,1210
873,Jarhead ,27726210,2411
874,Jason Bourne ,60000000,4026
875,Jason X ,6649006,1878
876,Jay and Silent Bob Strike Back ,11018543,2765
877,Jeepers Creepers II ,18365222,3124
878,Jennifer's Body ,6868397,2702
879,Jerry Maguire ,17084296,2531
880,Jersey Boys ,13319371,2905
881,Jersey Girl ,8319171,1520
882,Jimmy Neutron: Boy Genius ,18554948,3139
883,Jindabyne ,28298,6
884,Jingle All the Way ,12112267,2401
885,Joe Dirt ,8016008,2638
886,Joe Somebody ,5377635,2506
887,John Carter ,30180188,3749
888,John Q ,23612171,2466
889,Johnny English Reborn ,3833300,1552
890,Johnny English ,9134085,2236
891,Johnson Family Vacation ,9375307,1317
892,Jonah Hex ,5379365,2825
893,Jonah: A VeggieTales Movie ,6201345,940
894,Josie and the Pussycats ,4562455,2556
895,Journey 2: The Mysterious Island ,27335363,3470
896,Journey to the Center of the Earth ,21018141,2811
897,Joy Ride ,7347259,2497
898,Joyeux Noel ,42732,6
899,Joyful Noise ,11225190,2735
900,Joy ,17500000,2896
901,Julie & Julia ,20027956,2354
902,Jumper ,32092991,3428
903,Jupiter Ascending ,18372372,3181
904,Jurassic Park III ,50771645,3434
905,Jurassic World ,208806270,4274
906,Just Go with It ,30514732,3548
907,Just Like Heaven ,16408718,3508
908,Just Married ,17548993,2766
909,Just My Luck ,5692285,2541
910,Just Visiting ,2272489,1590
911,Just Wright ,8284989,1831
912,Justin Bieber: Never Say Never ,29514054,3105
913,Juwanna Mann ,5474270,1325
914,K-19: The Widowmaker ,12778459,2828
915,K-PAX ,17215275,2541
916,Kabhi Alvida Naa Kehna ,1351786,
917,Kangaroo Jack ,21895483,2818
918,Kansas City ,432183,215
919,Kate & Leopold ,2562448,2449
920,Katy Perry: Part of Me ,7138266,2730
921,Keanu ,9453224,2658
922,Keeping the Faith ,8078671,2152
923,Kick-Ass 2 ,13332955,2940
924,Kick-Ass ,19828687,3065
925,Kicking & Screaming ,20159925,3455
926,Kill Bill: Vol. 1 ,22089322,3102
927,Kill Bill: Vol. 2 ,25104949,2971
928,Killer Elite ,9300000,2986
929,Killers ,15837266,2859
930,Killing Them Softly ,6812900,2424
931,King's Ransom ,2137685,1508
932,Kingpin ,5582000,1956
933,Kinsey ,169038,5
934,Kiss Kiss Bang Bang ,180660,8
935,Kiss of the Dragon ,13304027,2025
936,Kiss the Girls ,13215167,2271
937,Knight and Day ,20139985,3098
938,Knock Off ,5516000,1800
939,Knockaround Guys ,5016852,1806
940,Knocked Up ,30690990,2871
941,Knowing ,24604751,3332
942,Krampus ,16293325,2902
943,Kundun ,1620041,429
944,Kung Fu Hustle ,269225,7
945,Kung Fu Panda 2 ,47835000,3925
946,Kung Fu Panda 3 ,41282042,3955
947,Kung Fu Panda ,60239130,4114
948,L.A. Confidential ,5211198,769
949,Labor Day ,5175282,2584
950,Ladder 49 ,22088204,3260
951,Lady in the Water ,18044396,3235
952,Lake Placid ,10974145,2096
953,Lakeview Terrace ,15004672,2464
954,Land of the Dead ,10221705,2249
955,Land of the Lost ,18837350,3521
956,Lara Croft Tomb Raider: The Cradle of Life ,21783641,3222
957,Lara Croft: Tomb Raider ,47735743,3308
958,Larry Crowne ,13006875,2973
959,Larry the Cable Guy: Health Inspector ,6922767,1710
960,Lars and the Real Girl ,90418,7
961,Last Holiday ,15508779,2514
962,Last Orders ,99528,7
963,Last Vegas ,16334566,3065
964,Law Abiding Citizen ,21039502,2890
965,Laws of Attraction ,6728905,2449
966,Leap Year ,2727,1
967,Leatherheads ,12682595,2769
968,Lee Daniels' The Butler ,24637312,2933
969,"Legally Blonde 2: Red, White & Blonde ",22220670,3350
970,Legally Blonde ,20377426,2620
971,Legend of the Guardians: The Owls of Ga'Hoole ,16112211,3575
972,Legends of Oz: Dorothy's Return ,3715931,2575
973,Legend ,86836,4
974,Legion ,17501625,2476
975,Les couloirs du temps: Les visiteurs II ,68316,24
977,Let Me In ,5147479,2021
978,Let's Be Cops ,17813722,3094
979,Letters from Iwo Jima ,122548,5
980,Letters to Juliet ,13540486,2968
981,Liar Liar ,31423025,2845
982,License to Wed ,10422258,2604
983,Life as a House ,294056,29
984,Life of Pi ,22451514,2927
985,Life or Something Like It ,6219234,2604
986,Light It Up ,2408613,1219
987,Like Mike ,12179420,2410
988,Lilo & Stitch ,35260212,3191
989,Lincoln ,21049406,1775
990,Lions for Lambs ,6702434,
991,Little Black Book ,7075217,2445
992,Little Boy ,2750356,1045
993,Little Children ,97953,5
994,Little Fockers ,30833665,3536
995,Little Nicholas ,,
996,Little Nicky ,16063904,2910
997,Littleman ,21613176,2533
998,Live Free or Die Hard ,33369559,3408
999,Living Out Loud ,4319745,1086
1000,Lockout ,6231836,2308
1001,London Has Fallen ,21635601,3490
1002,Lone Survivor ,84857,2
1003,Looney Tunes: Back in Action ,9317371,2903
1004,Looper ,20801552,2992
1005,Lord of War ,9390144,2814
1006,Lords of Dogtown ,5623373,1865
1007,Loser ,6008611,2016
1008,Lost in Space ,20154919,3306
1009,Lost Souls ,7954766,1970
1010,Lottery Ticket ,10652297,1973
1011,Love & Basketball ,8139180,1237
1012,Love & Other Drugs ,9739161,2455
1013,Love Actually ,6886080,576
1014,Love Happens ,8057010,1898
1015,Love in the Time of Cholera ,1924860,852
1016,Love Ranch ,60353,11
1017,Love the Coopers ,8317545,2603
1018,Lucky Number Slevin ,7031921,1984
1019,Lucky Numbers ,4536625,2497
1020,Lucy ,43899340,3173
1021,Machete Kills ,3837183,2538
1022,Machete ,14102888,2670
1023,Machine Gun Preacher ,45130,4
1024,Mad City ,4649742,2194
1025,Mad Max: Fury Road ,45428128,3702
1026,Mad Money ,9273645,2470
1027,Madagascar 3: Europe's Most Wanted ,60316738,4258
1028,Madagascar: Escape 2 Africa ,63106589,4056
1029,Madagascar ,61012130,4131
1030,Made of Honor ,14756850,2729
1031,Madea Goes to Jail ,41030947,2032
1032,Madea's Witness Protection ,25390575,2161
1033,Madison ,268370,93
1034,Magic Mike XXL ,11600000,3355
1035,Magnolia ,193604,7
1036,Maid in Manhattan ,18711407,2838
1037,Maleficent ,,
1038,Malibu's Most Wanted ,12618159,2503
1039,Mama ,28123052,2647
1040,Mamma Mia! ,27751240,2976
1041,Man of Steel ,116619362,4207
1042,Man of the Year ,12299380,2515
1043,Man on a Ledge ,8001932,2998
1044,Man on Fire ,22751490,2979
1045,Mandela: Long Walk to Freedom ,84283,4
1046,Manderlay ,15117,2
1047,Mao's Last Dancer ,199657,33
1048,Marci X ,872950,1200
1049,Margaret ,7525,2
1050,Marie Antoinette ,5361050,859
1051,Marley & Me ,36367586,3480
1052,Marmaduke ,11599661,3213
1053,Married Life ,55851,9
1054,Mars Attacks! ,9384272,1955
1055,Mars Needs Moms ,6914488,3117
1056,Martian Child ,3376669,2020
1057,Marvin's Room ,57739,6
1058,Mary Reilly ,2812620,1470
1059,Master and Commander: The Far Side of the World ,25105990,3101
1060,Match Point ,529434,
1061,Max Keeble's Big Move ,5377958,2014
1062,Max Payne ,17639849,3376
1063,Maximum Risk ,5611707,2358
1064,Max ,12155254,2855
1065,"McFarland, USA ",11020798,2755
1066,Me and Orson Welles ,63638,4
1067,Me Before You ,18723269,2704
1068,"Me, Myself & Irene ",24209385,3019
1069,Mean Girls ,24432195,2839
1070,Meet Dave ,5251918,3011
1071,Meet Joe Black ,15017995,2503
1072,Meet the Deedles ,2006751,1763
1073,Meet the Fockers ,46120980,3518
1074,Meet the Spartans ,18505530,2605
1075,Megamind ,46016833,3944
1076,Megiddo: The Omega Code 2 ,1573454,314
1077,Memoirs of a Geisha ,682504,
1078,Men in Black ,51068455,3020
1079,Men of Honor ,13339465,2092
1080,Mercury Rising ,10104715,2386
1081,Message in a Bottle ,18852976,2538
1082,Metallica Through the Never ,1672000,305
1083,Michael Clayton ,719910,15
1084,Michael Collins ,187052,6
1085,Mickey Blue Eyes ,10178289,2573
1086,Micmacs ,51914,4
1087,Midnight in Paris ,599003,6
1088,Midnight in the Garden of Good and Evil ,5233658,824
1089,Midnight Special ,190012,5
1090,Mighty Joe Young ,10602042,2502
1091,Milk ,1481155,882
1092,Million Dollar Arm ,10511000,3019
1093,Million Dollar Baby ,179953,8
1094,Mindhunters ,1911358,1040
1095,Minions ,115200000,4301
1096,Minority Report ,35677125,3001
1097,Miracle at St. Anna ,3477996,1185
1098,Miracles from Heaven ,14812393,3047
1099,Miracle ,19377577,2605
1100,Mirror Mirror ,18132085,3603
1101,Mirrors ,11161074,2664
1102,Miss Congeniality 2: Armed and Fabulous ,14043215,3233
1103,Miss Congeniality ,13853686,2668
1104,Miss Potter ,13205,2
1105,Mission to Mars ,22855247,3054
1106,Mission: Impossible - Ghost Protocol ,29556629,3448
1107,Mission: Impossible - Rogue Nation ,55520089,3956
1108,Mission: Impossible III ,47743273,4054
1110,Mona Lisa Smile ,11528498,2677
1111,Money Monster ,14788157,3104
1112,Money Talks ,10654369,2005
1113,Moneyball ,19501302,2993
1114,Monkeybone ,2685078,1722
1115,Monster House ,22217226,3553
1116,Monster-in-Law ,23105133,3424
1117,Monsters University ,82429469,4004
1118,Monsters vs. Aliens ,59321095,4104
1119,"Monsters, Inc. ",5040000,2618
1120,Monte Carlo ,8588318,2
1121,Moonlight Mile ,329771,22
1122,Moonrise Kingdom ,522996,4
1123,Morning Glory ,9203266,2518
1124,Mortal Kombat: Annihilation ,16771694,2140
1125,Mortdecai ,4200586,2648
1126,Moulin Rouge! ,71614,51
1127,Mr 3000 ,8679028,2736
1128,Mr. & Mrs. Smith ,50342878,3424
1129,Mr. Bean's Holiday ,9889780,1714
1130,Mr. Deeds ,37162787,3231
1131,Mr. Peabody & Sherman ,32207057,3934
1132,Mr. Popper's Penguins ,18445355,3339
1133,Mr. Turner ,109000,5
1134,Mrs Henderson Presents ,55344,
1135,Mrs. Winterbourne ,,
1136,Mulan ,22745143,2888
1137,Mulholland Drive ,960558,247
1138,Multiplicity ,5075000,2134
1139,Mumford ,1851291,1452
1140,Munich ,6040860,532
1141,Muppets from Space ,4826049,2265
1142,Muppets Most Wanted ,17005126,3194
1143,Murder by Numbers ,9307394,2663
1144,Music and Lyrics ,15875471,2955
1145,Must Love Dogs ,12855321,2505
1146,My Baby's Daddy ,7548819,1447
1147,My Best Friend's Girl ,8265357,2604
1148,My Best Friend's Wedding ,21678377,2134
1149,My Big Fat Greek Wedding 2 ,17861950,3133
1150,My Bloody Valentine ,21241456,2534
1151,My Boss's Daughter ,4855798,2201
1152,My Favorite Martian ,11181043,2275
1153,My Life in Ruins ,3223161,1164
1154,My Sister's Keeper ,12442212,2606
1155,My Soul to Take ,6842220,2572
1156,My Super Ex-Girlfriend ,8603460,2702
1157,Mystery Men ,10017865,2136
1158,"Mystery, Alaska ",3102191,1673
1159,Mystic River ,640815,13
1160,Nacho Libre ,28309599,3070
1161,Nancy Drew ,6832318,2612
1162,Nanny McPhee Returns ,8407685,2784
1163,Nanny McPhee ,14503650,1995
1164,National Treasure ,35142554,3017
1165,Nebraska ,1552426,968
1166,Need for Speed ,17844939,3115
1167,Neighbors 2: Sorority Rising ,21760405,3384
1168,Neighbors ,49033915,3279
1169,Nerve ,9445456,2538
1170,Never Back Down ,8603195,2729
1171,Never Let Me Go ,111734,4
1172,New Year's Eve ,13019180,3505
1173,New York Minute ,5962106,3006
1174,Night at the Museum: Battle of the Smithsonian ,70052004,4096
1175,Night at the Museum: Secret of the Tomb ,17100520,3785
1176,Night at the Museum ,42212651,
1177,Nim's Island ,13210579,3513
1178,Nine Queens ,40724,5
1179,Nine ,257232,4
1180,Ninja Assassin ,13316158,2503
1181,No Country for Old Men ,1226333,28
1182,No Good Deed ,24250283,2175
1183,No Reservations ,11704357,2425
1184,No Strings Attached ,19652921,3018
1185,Non-Stop ,28875635,3090
1186,North Country ,6422455,2555
1187,Not Another Teen Movie ,12615116,2365
1188,Notes on a Scandal ,5090,
1189,Nothing to Lose ,11617767,1862
1190,Notting Hill ,27689760,2747
1191,Now You See Me 2 ,22383146,3232
1192,Now You See Me ,29350389,2925
1193,Nurse Betty ,7145950,1459
1194,Nutty Professor II: The Klumps ,42518830,3242
1195,"O Brother, Where Art Thou? ",195104,5
1196,Oblivion ,37054485,3783
1197,Observe and Report ,11017334,2727
1198,Ocean's Eleven ,38107822,3075
1199,Ocean's Thirteen ,36133403,3565
1200,Ocean's Twelve ,39153380,3290
1201,Oceans ,6000000,1206
1202,Old Dogs ,16894511,3425
1203,Old School ,17453216,2689
1204,Oliver Twist ,68447,5
1205,Olympus Has Fallen ,30373794,3098
1206,On the Road ,39550,4
1207,Once Upon a Time in Mexico ,23424118,3282
1208,Ondine ,27497,5
1209,One Day ,5079566,1721
1210,One Hour Photo ,321515,7
1211,One Missed Call ,12511473,2240
1212,One Night with the King ,4106862,909
1213,One True Thing ,6606455,1590
1214,Ong-bak 2 ,26564,10
1215,Open Range ,14047781,2075
1216,Open Season ,23624548,3833
1217,Operation Chromite ,31662,1
1218,Original Sin ,6402741,2194
1219,Orphan ,12871483,2750
1220,Oscar and Lucinda ,137163,7
1221,Osmosis Jones ,5271248,2305
1222,Our Brand Is Crisis ,3238433,2202
1223,Our Family Wedding ,7629862,1605
1224,Out Cold ,4531665,2011
1225,Out of Sight ,12020435,2107
1226,Out of the Furnace ,5220288,2101
1227,Out of Time ,16185316,3076
1228,Over the Hedge ,38457003,4059
1229,Oz the Great and Powerful ,79110453,3912
1230,P.S. I Love You ,9283468,2454
1231,Pacific Rim ,37285325,3275
1232,Paddington ,25205000,3303
1233,Pain & Gain ,20244505,3277
1234,Pandorum ,4424126,2506
1235,Panic Room ,30056751,3053
1236,Paparazzi ,7855111,2115
1237,Paper Towns ,12650140,3031
1238,Parental Guidance ,14800000,3367
1239,"Paris, je t'aime ",39242,2
1240,Passchendaele ,,
1241,Patch Adams ,25262280,2712
1242,Paul Blart: Mall Cop 2 ,23762435,3633
1243,Paul Blart: Mall Cop ,31832636,3144
1244,Paul ,13043310,2802
1245,Pay It Forward ,9631359,2130
1246,Payback ,21221526,2720
1247,Paycheck ,13462374,2762
1248,Pearl Harbor ,75177654,3214
1249,Peeples ,4611534,2041
1250,Penguins of Madagascar ,25447444,3764
1251,People I Know ,34211,5
1252,Percy Jackson & the Olympians: The Lightning Thief ,38661634,3356
1253,Percy Jackson: Sea of Monsters ,14401054,3031
1254,Perfume: The Story of a Murderer ,55527,3
1255,Phenomenon ,16200000,1637
1256,Philomena ,128435,4
1257,Phone Booth ,15021088,2481
1258,Pineapple Express ,23245025,3072
1259,Piranha 3D ,10106872,2470
1260,Pirates of the Caribbean: At World's End ,139802190,4362
1261,Pirates of the Caribbean: Dead Man's Chest ,135634554,
1262,Pirates of the Caribbean: On Stranger Tides ,90151958,4155
1263,Pirates of the Caribbean: The Curse of the Black Pearl ,46630690,3269
1264,Pitch Black ,14015741,1832
1265,Pitch Perfect 2 ,70300000,3473
1266,Pitch Perfect ,5149433,335
1267,Pixels ,24011616,3723
1268,Planet 51 ,12286129,3
1269,Play It to the Bone ,3366,1
1270,Playing for Keeps ,5750288,2837
1271,Pompeii ,10340823,2658
1272,Pooh's Heffalump Movie ,5805559,2529
1273,Poseidon ,22155410,3555
1274,Post Grad ,2651996,1959
1275,Practical Magic ,13104694,2652
1276,Predators ,24760882,2699
1277,Premium Rush ,6300000,2255
1278,Premonition ,17558689,2831
1279,Pride & Prejudice ,2865017,215
1280,Pride and Glory ,6262396,2585
1281,Pride and Prejudice and Zombies ,5324240,2931
1282,Priest ,14953664,2864
1283,Primary Colors ,12045395,1965
1284,Prince of Persia: The Sands of Time ,37813075,3646
1285,Project Almanac ,8500000,2893
1286,Project X ,21051363,3055
1287,Prom Night ,20804941,2700
1288,Prometheus ,51050101,3396
1289,Promised Land ,173915,25
1290,Proof of Life ,10207869,2705
1291,Public Enemies ,25271675,3334
1292,Pulse ,8203822,
1293,Punch-Drunk Love ,367203,5
1294,Punisher: War Zone ,4271451,2508
1295,Pushing Tin ,3555032,1283
1296,Puss in Boots ,34077439,3952
1297,Quantum of Solace ,67528882,3451
1298,Quarantine ,14211321,2461
1299,Quartet ,47122,2
1300,Queen of the Damned ,14757535,2511
1301,Quills ,249383,9
1302,R.I.P.D. ,12691415,2852
1303,Race to Witch Mountain ,24402214,3187
1304,Rachel Getting Married ,293369,9
1305,Racing Stripes ,18862432,3185
1306,Radio ,13303724,3074
1307,Raise Your Voice ,4022693,2521
1308,Raising Helen ,14239252,2717
1309,Ramona and Beezus ,7810481,2719
1310,Random Hearts ,13012585,2697
1311,Rango ,38079323,3917
1312,Ransom ,34216088,2676
1313,Rat Race ,11662094,2550
1314,Ratatouille ,47027395,3940
1315,Ravenous ,1040727,1040
1316,Ray ,20039730,2006
1317,Ready to Rumble ,5257778,2585
1318,Real Steel ,27319677,3440
1319,RED 2 ,18048422,3016
1320,Red Cliff ,13104,2
1321,Red Dragon ,36540945,3357
1322,Red Eye ,16167662,3079
1323,Red Lights ,10340,2
1324,Red Planet ,8721296,2703
1325,Red Riding Hood ,14005335,3030
1326,Red Tails ,18782154,2512
1327,Regression ,33915,100
1328,Reign of Fire ,15632281,2629
1329,Reign Over Me ,7460690,1671
1330,Reindeer Games ,8128356,2204
1331,Remember Me ,8089139,2212
1332,Remember the Titans ,20905831,1865
1333,Rendition ,4060012,2250
1334,Rent ,10016021,
1335,Repo Men ,6126170,2521
1336,Resident Evil: Afterlife ,26650264,3203
1337,Resident Evil: Apocalypse ,23036273,3284
1338,Resident Evil: Extinction ,23678580,2828
1339,Resident Evil: Retribution ,21052227,3012
1340,Resident Evil ,17707106,2528
1341,Resurrecting the Champ ,1667659,1605
1342,Return to Me ,7820836,2007
1343,Return to Never Land ,15623464,2605
1344,Revolutionary Road ,189911,3
1345,Riddick ,19030375,3117
1346,Ride Along 2 ,34040000,3175
1347,Ride Along ,41237000,2663
1348,Ride with the Devil ,64159,8
1349,Riding in Cars with Boys ,10404652,2770
1350,Righteous Kill ,16288361,3152
1351,Rio 2 ,39327869,3948
1352,Rio ,39225962,3827
1353,Rise of the Guardians ,23773465,3653
1354,Rise of the Planet of the Apes ,54806191,3648
1355,Risen ,11801271,2915
1356,Road to Perdition ,22079481,1797
1357,Road Trip ,15484004,2530
1358,Robin Hood ,36063385,3503
1359,Robots ,36045301,3776
1360,Rock of Ages ,14437269,3470
1361,Rock Star ,6018636,2525
1362,RocknRolla ,144701,7
1363,Rocky Balboa ,17003904,
1364,Role Models ,19167085,2792
1365,Rollerball ,9013548,2762
1366,Romance & Cigarettes ,11630,2
1367,Romeo Must Die ,18014503,2641
1368,Ronin ,12697641,2487
1369,Room ,1335563,862
1370,Rounders ,8459126,2176
1371,Rugrats Go Wild ,11556869,3041
1372,Rugrats in Paris: The Movie ,22718184,2934
1373,Run All Night ,11012305,3171
1374,Runaway Bride ,35055556,3158
1375,Runner Runner ,7706712,3026
1376,Running Scared ,3381974,1611
1377,Running with Scissors ,226108,8
1378,Rush Hour 2 ,67408222,3118
1379,Rush ,187289,5
1380,S.W.A.T. ,37062535,3202
1381,Sabotage ,5272444,2486
1382,Safe Haven ,21401594,3223
1383,Safe House ,40172720,3119
1384,Safe ,7892539,2266
1385,Sahara ,18068372,3154
1386,Salt ,36011243,3612
1387,San Andreas ,54588173,3777
1388,Sanctum ,9447930,2787
1389,Savages ,16016910,2628
1390,Save the Last Dance ,27526443,2230
1391,Saving Mr. Banks ,9344381,2110
1392,Saving Private Ryan ,30576104,2463
1393,Saving Silverman ,7411852,2467
1394,Saw VI ,14118444,3036
1395,Say It Isn't So ,2861903,1974
1396,Scary Movie 2 ,20503356,3220
1397,Scary Movie 3 ,48113770,3505
1398,Scary Movie 4 ,40222875,3602
1399,School for Scoundrels ,8602333,3004
1400,School of Rock ,19622714,2614
1401,Scooby-Doo 2: Monsters Unleashed ,29438331,3312
1402,Scooby-Doo ,54155312,3447
1403,Scott Pilgrim vs. the World ,10609795,2818
1404,Scream 2 ,32926342,2
1405,Scream 3 ,34713342,3467
1406,Scream 4 ,18692090,3305
1407,Scream ,6354586,1413
1408,Screwed ,3342085,1759
1409,Seabiscuit ,20854735,1987
1410,Secondhand Lions ,12139832,3013
1411,Secret in Their Eyes ,6652996,2392
1412,Secret Window ,18237568,3018
1413,Secretariat ,12694770,3072
1414,See Spot Run ,9715102,2656
1415,Seed of Chucky ,8774520,2059
1416,Selena ,11615722,1850
1417,Selma ,11307394,2179
1418,Semi-Pro ,15075114,3121
1419,September Dawn ,635000,857
1420,Serendipity ,13309241,2601
1421,Serenity ,10086680,2188
1422,Serving Sara ,5758236,2154
1423,Seven Pounds ,14851136,2758
1424,Seven Psychopaths ,4174915,1480
1425,Seven Years in Tibet ,10066508,2103
1426,Seventh Son ,7217640,2875
1427,Sex Tape ,14608152,3062
1428,Sgt. Bilko ,8110080,
1429,Shadow Conspiracy ,1370831,837
1430,Shaft ,21714757,2337
1431,Shakespeare in Love ,4224426,632
1432,Shall We Dance ,11783467,1772
1433,Shallow Hal ,22518295,2770
1434,Shanghai Knights ,19603630,2753
1435,Shanghai Noon ,19647065,2711
1436,Shark Night 3D ,8404260,2806
1437,Shark Tale ,47604606,4016
1438,She's Out of My League ,9775278,2956
1439,She's the Man ,10730372,2623
1440,Sherlock Holmes: A Game of Shadows ,39637079,3703
1441,Sherlock Holmes ,62304277,3626
1442,Shooter ,14523571,2806
1443,Shorts ,6410339,3
1444,Shrek 2 ,108037878,4163
1445,Shrek Forever After ,70838207,4359
1446,Shrek the Third ,121629270,4122
1447,Shrek ,42347760,3587
1448,Shutter Island ,41062440,2991
1449,Sicario ,12148041,2620
1450,Sideways ,207042,4
1451,Signs ,60117080,3264
1452,Silent Hill: Revelation 3D ,8023036,2933
1453,Silent Hill ,20152598,2926
1454,Silent Trigger ,,
1455,Silver Linings Playbook ,443003,16
1456,Simon Birch ,3321370,596
1457,Sin City: A Dame to Kill For ,6317683,2894
1458,Sinbad: Legend of the Seven Seas ,6874477,3086
1459,Six Days Seven Nights ,16485276,2550
1460,Sky Captain and the World of Tomorrow ,15580278,3170
1461,Sky High ,14631784,2905
1462,Skyfall ,88364714,3505
1463,Slackers ,2785283,1893
1464,Sleepers ,12305745,1915
1465,Slither ,3880270,
1466,Slow Burn ,778123,
1467,Slumdog Millionaire ,360018,10
1468,Small Soldiers ,14047592,2539
1469,Small Time Crooks ,3880723,865
1470,Smilla's Sense of Snow ,107108,8
1471,Smokin' Aces ,14638755,2218
1472,Snake Eyes ,16310373,2713
1473,Snow Day ,14331819,2664
1474,Snow Dogs ,23708174,2302
1475,Snow Falling on Cedars ,32135,3
1476,Snow White and the Huntsman ,56217700,3773
1477,Snowpiercer ,171187,8
1478,Soldier ,6447237,2507
1479,Solitary Man ,94936,4
1480,Someone Like You... ,10010600,2345
1481,Something Borrowed ,13945368,2904
1482,Something's Gotta Give ,16064723,2677
1483,Son of God ,26500000,3260
1484,Son of the Mask ,7511675,2966
1485,Sorority Boys ,4127903,1801
1486,Sorority Row ,5059802,2665
1487,Soul Men ,5401605,2044
1488,Soul Plane ,7008711,1566
1489,Soul Surfer ,10601862,2214
1490,Soul Survivors ,1140698,601
1491,Source Code ,14812094,2961
1492,South Park: Bigger Longer & Uncut ,23076186,2128
1493,Southland Tales ,123428,63
1494,Southpaw ,16701294,2772
1495,Space Chimps ,7181374,2511
1496,Space Cowboys ,18093776,2805
1497,Space Jam ,27528529,2650
1498,Spanglish ,8817853,2438
1499,Spawn ,21210131,2536
1500,Spectre ,70403148,3929
1501,Speed 2: Cruise Control ,16158942,2615
1502,Speed Racer ,18561337,3606
1503,Sphere ,18586765,2814
1504,Spider-Man 2 ,115817364,4152
1505,Spider-Man 3 ,151116516,4252
1506,Spider-Man ,114844116,3615
1507,Spirit: Stallion of the Cimarron ,23213736,3317
1508,Splice ,7385277,2450
1509,Spotlight ,295009,5
1510,Spy Game ,21689125,2770
1511,Spy Hard ,98176,
1512,Spy Kids 2: Island of Lost Dreams ,16711716,3307
1513,Spy Kids 3-D: Game Over ,33417739,3344
1514,Spy Kids: All the Time in the World in 4D ,11644672,3295
1515,Spy Kids ,1576897,1676
1516,St. Trinian's ,,
1517,St. Vincent ,109878,4
1518,Star Trek Beyond ,59253211,3928
1519,Star Trek Into Darkness ,70165559,3868
1520,Star Trek: First Contact ,30716131,2812
1521,Star Trek: Insurrection ,22052836,2620
1522,Star Trek: Nemesis ,18513305,2711
1523,Star Trek ,75204289,3849
1524,Star Wars: Episode I - The Phantom Menace ,22469932,2655
1525,Star Wars: Episode II - Attack of the Clones ,80027814,3161
1526,Star Wars: Episode III - Revenge of the Sith ,108435841,3661
1527,Stardust ,9169779,2540
1528,Starship Troopers ,22058773,2971
1529,Starsky & Hutch ,28103367,3185
1530,State of Play ,14071280,2803
1531,Stealing Harvard ,6041521,2366
1532,Stealth ,13251545,3495
1533,Steamboy ,136148,39
1534,Steel ,870068,1260
1535,Step Brothers ,30940732,3094
1536,Step Up 2: The Streets ,22125429,2470
1537,Step Up 3D ,15812311,2435
1538,Step Up Revolution ,11731708,2567
1539,Step Up ,20659573,2
1540,Stepmom ,19142440,2358
1541,Stick It ,10803610,2038
1542,Stigmata ,18309666,2899
1543,Stir of Echoes ,5811664,1888
1544,Stoker ,160547,7
1545,Stolen ,183125,141
1546,Stomp the Yard ,25876318,2051
1547,Stone ,75766,6
1548,Stop-Loss ,4555117,1291
1549,Straight Outta Compton ,56100000,2757
1550,Strange Wilderness ,3001719,1208
1551,Stranger Than Fiction ,13411093,2264
1552,Straw Dogs ,5123760,2408
1553,Street Fighter: The Legend of Chun-Li ,4721110,1136
1554,Street Kings ,12469631,2467
1555,Striptease ,12300000,1970
1556,Stuart Little 2 ,15115152,3255
1557,Stuart Little ,15018223,2878
1558,Stuck on You ,9411055,3003
1559,Sucker Punch ,19058199,3033
1560,Suicide Squad ,,
1561,Summer Catch ,7018593,2335
1562,Summer of Sam ,7991450,1536
1563,Sunshine ,242964,10
1564,Super 8 ,35451168,3379
1565,Superbabies: Baby Geniuses 2 ,3251856,1276
1566,Superbad ,33052411,2948
1567,Supercross ,1330520,1621
1568,Superhero Movie ,9510297,2960
1569,Superman Returns ,52535096,4065
1570,Supernova ,6731940,2280
1571,Superstar ,8912743,1943
1572,Surf's Up ,17640249,3528
1573,Suspect Zero ,3446375,1500
1574,Sweet Home Alabama ,35648740,3293
1575,Sweet November ,11015226,2268
1576,Swing Vote ,6230669,2213
1577,Switchback ,2704568,1128
1578,Swordfish ,18145632,2678
1579,Sydney White ,5196380,2104
1580,"Synecdoche, New York ",172194,9
1581,Tae Guk Gi: The Brotherhood of War ,363439,29
1582,Take Me Home Tonight ,3464679,2003
1583,Take the Lead ,12051277,3009
1584,Taken 2 ,49514769,3661
1585,Taken 3 ,39201657,3594
1586,Takers ,20512304,2206
1587,Taking Woodstock ,3457760,1393
1588,Talladega Nights: The Ballad of Ricky Bobby ,47042215,3803
1589,Tammy ,21577049,3465
1590,Tangled ,48767052,3603
1591,Tea with Mussolini ,1633183,270
1592,Team America: World Police ,12120358,2539
1593,Tears of the Sun ,17057213,2973
1594,Ted 2 ,33507870,3442
1595,Ted ,54415205,3239
1596,Teenage Mutant Ninja Turtles: Out of the Shadows ,165685,33
1597,Terminator 3: Rise of the Machines ,44041440,3504
1598,Terminator Genisys ,27018486,3758
1599,Terminator Salvation ,42558390,3530
1600,Texas Chainsaw 3D ,21744470,2654
1601,Texas Rangers ,319516,402
1602,That's My Boy ,13453714,3030
1603,The 13th Warrior ,10267756,2306
1604,The 33 ,5787266,2452
1605,The 40-Year-Old Virgin ,21422815,2845
1606,The 5th Wave ,10326356,2908
1607,The 6th Day ,13020883,2516
1608,The Adjustment Bureau ,21157730,2840
1609,The Adventures of Elmo in Grouchland ,3255033,1210
1610,The Adventures of Pinocchio ,3832000,1779
1611,The Adventures of Pluto Nash ,2182900,2320
1612,The Adventures of Rocky & Bullwinkle ,6814270,2460
1613,The Adventures of Sharkboy and Lavagirl 3-D ,12582088,2655
1614,The Adventures of Tintin ,9720993,
1615,The Age of Adaline ,13203458,2991
1616,The Amazing Spider-Man 2 ,91608337,4324
1617,The Amazing Spider-Man ,62004688,4318
1618,The American ,16662333,2823
1619,The Amityville Horror ,23507007,3323
1620,The Angry Birds Movie ,38155177,3932
1621,The Animal ,19610520,2788
1622,The Ant Bully ,8432465,3050
1623,The Apparition ,2955000,810
1624,The Art of War ,10410993,2630
1625,The Artist ,204878,4
1626,The Assassination of Jesse James by the Coward Robert Ford ,147812,5
1627,The Astronaut Farmer ,4454319,2155
1628,The Astronaut's Wife ,4027003,2209
1629,The Aviator ,858021,40
1630,The Baader Meinhof Complex ,17348,2
1631,The Back-up Plan ,12201710,3280
1632,The Bank Job ,5935256,1603
1633,The Beach ,15277921,2547
1634,The Beaver ,107577,22
1635,The Benchwarmers ,19656429,3274
1636,The Best Man Holiday ,30593000,2024
1637,The Best of Me ,10003827,2936
1638,The BFG ,19584969,3357
1639,The Big Bounce ,3336374,2304
1640,The Big Hit ,10809424,2149
1641,The Big Lebowski ,5533844,1207
1642,The Big Short ,10531026,1585
1643,The Big Wedding ,7591663,2633
1644,The Big Year ,3251884,2150
1645,The Black Dahlia ,10005895,2226
1646,The Blind Side ,34119372,
1647,The Blue Butterfly ,,
1648,The Bone Collector ,16712020,2587
1649,The Book of Eli ,38437553,3111
1650,The Book of Life ,17005218,3071
1651,The Book Thief ,4864861,1234
1652,The Borrowers ,6075079,1535
1653,The Boss ,23586645,3480
1654,The Bounty Hunter ,20686423,3074
1655,The Bourne Identity ,27118640,2638
1656,The Bourne Legacy ,38142825,3745
1657,The Bourne Supremacy ,52521865,3165
1658,The Bourne Ultimatum ,69283690,3660
1659,The Box ,7571417,2635
1660,The Boy in the Striped Pajamas ,253085,17
1661,The Break-Up ,39172785,3070
1662,The Bridge of San Luis Rey ,12665,5
1663,The Brothers Bloom ,90400,4
1664,The Brothers Grimm ,15092079,3087
1665,The Bucket List ,582534,16
1666,The Cabin in the Woods ,14743614,2811
1667,The Cable Guy ,19806226,2657
1668,The Call ,17118745,2507
1669,The Cat in the Hat ,38329160,3464
1670,The Caveman's Valentine ,112041,16
1671,The Cave ,6147294,2195
1672,The Cell ,17515050,2411
1673,The Change-Up ,13531115,2913
1674,The Children of Huang Shi ,55760,7
1675,The Chronicles of Narnia: Prince Caspian ,55034805,3929
1676,"The Chronicles of Narnia: The Lion, the Witch and the Wardrobe ",65556312,
1677,The Chronicles of Narnia: The Voyage of the Dawn Treader ,24005069,3555
1678,The Chronicles of Riddick ,24289165,2757
1679,The Claim ,94082,23
1680,The Cold Light of Day ,1831588,1511
1681,The Conjuring ,41855326,2903
1682,The Conspirator ,3509048,707
1683,The Constant Gardener ,10961311,1346
1684,The Cookout ,6219794,1303
1685,The Core ,12053131,3017
1686,The Counselor ,7842930,3044
1687,The Count of Monte Cristo ,11376150,2007
1688,The Country Bears ,5309675,2553
1689,The Covenant ,8852485,2681
1690,The Craft ,210549,
1691,The Crazies ,16067552,2
1692,The Crew ,4051921,1510
1693,The Crocodile Hunter: Collision Course ,9537123,2525
1694,The Croods ,43639736,4046
1695,The Curious Case of Benjamin Button ,26853816,2988
1696,The Curse of the Jade Scorpion ,2459315,903
1697,The Curse of the Were-Rabbit ,16025987,3645
1698,The Da Vinci Code ,77073388,3735
1699,The Dangerous Lives of Altar Boys ,55000,9
1700,The Dark Knight Rises ,160887295,4404
1701,The Dark Knight ,158411483,4366
1702,The Darkest Hour ,3000000,2324
1703,The Day After Tomorrow ,85807341,3425
1704,The Debt ,9949109,1826
1705,The Deep End of the Ocean ,5558400,1907
1706,The Departed ,26887467,3017
1707,The Descendants ,1190096,29
1708,The Devil Wears Prada ,27537244,2847
1709,The Devil's Advocate ,12170536,2161
1710,The Devil's Double ,96414,5
1711,The Devil's Own ,18063265,2504
1712,The Dictator ,17435092,3008
1713,The Dilemma ,17816230,2940
1714,The Duchess ,190426,7
1715,The Dukes of Hazzard ,30675314,3785
1716,The Edge ,7733445,2351
1717,The Emperor's Club ,3846780,809
1718,The Emperor's New Groove ,9812302,2801
1719,The End of the Affair ,198535,7
1720,The English Patient ,278439,10
1721,The Equalizer ,34137828,3236
1722,The Exorcism of Emily Rose ,30054300,2981
1723,The Expendables 2 ,28591370,3316
1724,The Expendables 3 ,15879645,3221
1725,The Expendables ,34825135,3270
1726,The Express ,4562675,2808
1727,The Eye ,12425776,2436
1728,The Faculty ,11633495,2365
1729,The Family Stone ,12521027,
1730,The Fan ,6271406,2016
1731,The Fast and the Furious: Tokyo Drift ,23973840,3027
1732,The Fault in Our Stars ,48002523,3173
1733,The Fifth Element ,17031345,2500
1734,The Fifth Estate ,1714000,1769
1735,The Fighter ,12135468,2503
1736,The Final Destination ,27408309,3121
1737,The Finest Hours ,10288932,3143
1738,The First Wives Club ,18913411,1922
1739,The Five-Year Engagement ,10610060,2936
1740,The Flintstones in Viva Rock Vegas ,10518435,3040
1741,The Forbidden Kingdom ,21401121,3151
1742,The Fountain ,3768702,1472
1743,The Four Feathers ,6857879,1912
1744,The Funeral ,41768,2
1745,The Game of Their Lives ,175336,64
1746,The Game Plan ,22950971,3103
1747,The Game ,14337029,2403
1748,The General's Daughter ,22332053,2856
1749,The Ghost and the Darkness ,9215063,2142
1750,The Ghost Writer ,183009,4
1751,The Girl Next Door ,6003806,2148
1752,The Girl with the Dragon Tattoo ,12750000,2914
1753,The Giver ,12305016,3003
1754,The Glass House ,5738448,1591
1755,The Glimmer Man ,7605504,2236
1756,The Good Dinosaur ,39155217,3749
1757,The Good German ,76817,5
1758,The Good Night ,12377,2
1759,The Good Thief ,131580,9
1760,The Grand Budapest Hotel ,811166,4
1761,The Great Debaters ,9184022,1171
1762,The Great Raid ,3376009,819
1763,The Greatest Game Ever Played ,3657322,1014
1764,The Green Hornet ,33526876,3584
1765,The Green Mile ,18017152,2875
1766,The Grey ,19665101,3185
1767,The Grudge 2 ,20825300,3211
1768,The Guilt Trip ,5390000,2431
1769,The Gunman ,5028702,2816
1770,The Guru ,613485,62
1771,The Hangover Part II ,85946294,3615
1772,The Happening ,30517109,2986
1773,The Hateful Eight ,16240000,
1774,The Haunted Mansion ,24278410,3122
1775,The Heat ,39115043,3181
1776,The Hills Have Eyes II ,9686362,2
1777,The Hills Have Eyes ,15708512,2620
1778,The Hitchhiker's Guide to the Galaxy ,21103203,3133
1779,The Hoax ,1449320,235
1780,The Hobbit: An Unexpected Journey ,84617303,4045
1781,The Hobbit: The Battle of the Five Armies ,54724334,3875
1782,The Hobbit: The Desolation of Smaug ,73645197,3903
1783,The Holiday ,12778913,
1784,The Homesman ,139311,35
1785,The Horse Whisperer ,13685488,2039
1786,The Host ,314488,
1787,The Hours ,338622,11
1788,The House Bunny ,14533702,2714
1789,The Hunchback of Notre Dame ,4293000,
1790,The Hundred-Foot Journey ,11123000,2023
1791,The Hunger Games: Catching Fire ,161125000,4163
1792,The Hunger Games: Mockingjay - Part 1 ,121897634,4151
1793,The Hunger Games: Mockingjay - Part 2 ,102665981,4175
1794,The Hunger Games ,152535747,4137
1795,The Hunted ,13482638,2516
1796,The Hunting Party ,39609,4
1797,The Huntsman: Winter's War ,19445035,3791
1798,The Hunt ,43045,4
1799,The Hurricane ,337000,11
1800,The Hurt Locker ,145352,4
1801,The Ice Storm ,75183,3
1802,The Ides of March ,10470143,2199
1803,The Imaginarium of Doctor Parnassus ,1762637,607
1804,The Imitation Game ,7932292,747
1805,The Immigrant ,44064,3
1806,The Importance of Being Earnest ,500447,38
1807,The Impossible ,143818,15
1808,The In Crowd ,1505551,1357
1809,The Incredible Burt Wonderstone ,10177257,3160
1810,The Incredible Hulk ,55414050,3505
1811,The Incredibles ,70467623,3933
1812,The Infiltrator ,5303775,1601
1813,The Informant! ,10464314,2505
1814,The Informers ,300000,482
1815,The Insider ,6712361,1809
1816,The International ,10702613,2364
1817,The Internship ,17325307,3366
1818,The Intern ,17728313,3305
1819,The Interpreter ,22822455,2758
1820,The Interview ,1085515,581
1821,The Invasion ,5951409,2776
1822,The Invention of Lying ,7027472,1707
1823,The Iron Lady ,220409,4
1824,The Island of Dr. Moreau ,9101987,2035
1825,The Italian Job ,19457944,2633
1826,The Jackal ,15164595,2193
1827,The Jacket ,2723682,1331
1828,The Judge ,46590889,3003
1829,The Jungle Book 2 ,14109797,2808
1830,The Juror ,,
1831,The Kid ,12687726,2167
1832,The Killer Inside Me ,19248,4
1833,The King's Speech ,355450,4
1834,The Kingdom ,17135055,2793
1835,The Kite Runner ,471713,35
1836,The Ladies Man ,5426390,2022
1837,The Ladykillers ,12634563,1583
1838,The Lake House ,13616196,2645
1839,The Last Airbender ,51804232,3169
1840,The Last Castle ,7088213,2262
1841,The Last Days on Mars ,4608,3
1842,The Last Godfather ,101921,58
1843,The Last Legion ,2746312,2002
1844,The Last Samurai ,24271354,2908
1845,The Last Shot ,164801,35
1846,The Last Song ,16007426,2673
1847,The Last Stand ,6281433,2913
1848,The Last Station ,94093,3
1849,The Last Witch Hunter ,10812861,3082
1850,The League of Extraordinary Gentlemen ,23075892,3002
1851,The Legend of Bagger Vance ,11516712,2061
1852,The Legend of Hercules ,8600000,2104
1853,The Legend of Zorro ,16328506,3520
1854,The Lego Movie ,69050279,3775
1855,The Libertine ,2202799,815
1856,The Life Aquatic with Steve Zissou ,113085,2
1857,The Life Before Her Eyes ,20220,8
1858,The Life of David Gale ,7117225,2002
1859,The Lincoln Lawyer ,13206453,2707
1860,The Little Prince ,28140,45
1861,The Little Vampire ,5719627,2009
1862,The Lizzie McGuire Movie ,17338755,2825
1863,The Lone Ranger ,29210849,3904
1864,The Long Kiss Goodnight ,9065363,2247
1865,The Longest Ride ,13019686,3366
1866,The Longest Yard ,58613245,3634
1867,The Longshots ,4080687,2089
1868,The Lord of the Rings: The Fellowship of the Ring ,66114741,3359
1869,The Lord of the Rings: The Return of the King ,72629713,3703
1870,The Lord of the Rings: The Two Towers ,727645,126
1871,The Losers ,9406348,2936
1872,The Lost World: Jurassic Park ,90161880,3281
1873,The Love Guru ,13907130,3012
1874,The Lovely Bones ,116616,3
1875,The Lucky Ones ,183088,425
1876,The Lucky One ,22518358,3155
1877,The Majestic ,7366207,2361
1878,The Man from U.N.C.L.E. ,13535000,3638
1879,The Man in the Iron Mask ,17271450,3101
1880,The Man Who Knew Too Little ,4604819,2036
1881,The Man with the Iron Fists ,7910980,1868
1882,The Manchurian Candidate ,20018620,2867
1883,The Man ,4065014,2040
1884,The Martian ,54308575,3831
1885,The Mask of Zorro ,22525855,2515
1886,The Master of Disguise ,12554650,2565
1887,The Master ,736311,5
1888,The Matrix Reloaded ,91774413,3603
1889,The Matrix Revolutions ,48475154,3502
1890,The Matrix ,27788331,2849
1891,The Maze Runner ,32512804,3604
1892,The Mechanic ,11422006,2703
1893,The Medallion ,8111324,2648
1894,The Men Who Stare at Goats ,12706654,2443
1895,The Merchant of Venice ,69868,4
1896,The Messenger: The Story of Joan of Arc ,6360968,2147
1897,The Mexican ,20108829,2951
1898,The Midnight Meat Train ,34394,102
1899,The Mirror Has Two Faces ,12210868,2489
1900,The Monuments Men ,22700000,3083
1901,The Mortal Instruments: City of Bones ,9336957,3118
1902,The Mothman Prophecies ,11208851,2331
1903,The Mummy Returns ,68139035,3401
1904,The Mummy: Tomb of the Dragon Emperor ,40457770,3760
1905,The Muppets ,29239026,3440
1906,The Musketeer ,10312740,2438
1907,The Nativity Story ,7849304,3083
1908,The Negotiator ,10218831,2436
1909,The New Guy ,9007833,2687
1910,The New World ,57000,3
1911,The Newton Boys ,4010245,1965
1912,The Next Best Thing ,5870387,2007
1913,The Next Three Days ,6542779,2564
1914,The Ninth Gate ,6622518,1586
1915,The Notebook ,13464745,2303
1916,The November Man ,7660000,2776
1917,The Number 23 ,14602867,2759
1918,The Nut Job ,20550000,3427
1919,The Nutcracker in 3D ,65894,45
1920,The Nutty Professor ,25400000,2115
1921,The Object of My Affection ,9725855,1890
1922,The Odd Life of Timothy Green ,10822903,2598
1923,The One ,19112404,2894
1924,The Oogieloves in the Big Balloon Adventure ,443901,2160
1925,The Other Boleyn Girl ,8203061,1166
1926,The Other Guys ,35543162,3651
1927,The Other Woman ,24763752,3205
1928,The Others ,14089952,1678
1929,The Out-of-Towners ,8224215,2102
1930,The Pacifier ,30552694,3131
1931,The Painted Veil ,71814,
1932,The Passion of the Christ ,83848082,3043
1933,The Patriot ,22413710,3061
1934,The Peacemaker ,12311939,2362
1935,The Peanuts Movie ,44213073,3897
1936,The Perfect Game ,207329,218
1937,The Perfect Storm ,41325042,3407
1938,The Perks of Being a Wallflower ,228359,4
1939,The Phantom of the Opera ,4001890,622
1940,The Pianist ,2456117,773
1941,The Pink Panther ,20220412,3477
1942,The Pirates Who Don't Do Anything: A VeggieTales Movie ,4251320,1337
1943,The Place Beyond the Pines ,279457,4
1944,The Pledge ,5765347,1275
1945,The Polar Express ,40428,11
1946,The Postman ,5260324,2207
1947,The Prestige ,14801808,2281
1948,The Prince and Me ,9406378,2682
1949,The Prince of Egypt ,14524321,3118
1950,The Princess and the Frog ,786190,2
1951,The Princess Diaries 2: Royal Engagement ,22956453,3472
1952,The Princess Diaries ,22862269,2537
1953,The Proposal ,33627598,3056
1954,The Proposition ,62723,15
1955,The Punisher ,13834527,2649
1956,The Pursuit of Happyness ,26541709,2852
1957,The Queen ,122014,3
1958,The Quiet American ,63574,7
1959,The Rage: Carrie 2 ,7065123,2286
1960,The Railway Man ,61845,4
1961,The Rainmaker ,10626507,2317
1962,The Raven ,7289642,2203
1963,The Reader ,2380376,1
1964,The Relic ,9064143,2095
1965,The Replacement Killers ,8046553,1936
1966,The Replacements ,11039214,2754
1967,The Return ,19795,3
1968,The Revenant ,38000000,3375
1969,The Ring Two ,35065237,3332
1970,The Rite ,14789393,2985
1971,The Road to El Dorado ,12846652,3218
1972,The Road ,56692,50
1973,The Rocker ,2636048,2784
1974,The Rock ,2601000,
1975,The Rookie ,16021684,2511
1976,The Roommate ,15002635,2534
1977,The Royal Tenenbaums ,276981,5
1978,The Rugrats Movie ,27321470,2782
1979,The Ruins ,8003241,2812
1980,The Rundown ,18533765,3152
1981,The Saint ,16278873,2307
1982,The Salton Sea ,166309,15
1983,The Santa Clause 2 ,29008696,3350
1984,The Scorch Trials ,30316510,3791
1985,The Scorpion King ,36075875,3444
1986,The Secret Life of Bees ,10527799,1591
1987,The Secret Life of Pets ,104352905,4370
1988,The Secret Life of Walter Mitty ,13000000,2909
1989,The Sentinel ,14367854,2822
1990,The Shaggy Dog ,16310058,3501
1991,The Shallows ,16800868,2962
1992,The Shipping News ,318502,186
1993,The Siege ,13931285,2541
1994,The Simpsons Movie ,74036787,3922
1995,The Sisterhood of the Traveling Pants 2 ,10678430,2707
1996,The Sisterhood of the Traveling Pants ,9833340,2583
1997,The Sitter ,9851435,2750
1998,The Sixth Sense ,26681262,2161
1999,The Skeleton Key ,16057945,2771
2000,The Skulls ,11034885,2412
2001,The Smurfs 2 ,17548389,3866
2002,The Smurfs ,35611637,3395
2003,The Soloist ,9716458,2024
2004,The Son of No One ,18015,11
2005,The Sorcerer's Apprentice ,17619622,3504
2006,The Spanish Prisoner ,124011,7
2007,The Spiderwick Chronicles ,24740537,3847
2008,The Spirit ,6463278,2509
2009,The SpongeBob Movie: Sponge Out of Water ,55365012,3641
2010,The SpongeBob SquarePants Movie ,32018216,3212
2011,The Spy Next Door ,12877043,2924
2012,The Statement ,37220,7
2013,The Stepfather ,11581586,2734
2014,The Stepford Wives ,21406781,3057
2015,The Story of Us ,9673080,2164
2016,The Sum of All Fears ,31178526,3183
2017,The Sweetest Thing ,9430667,2670
2018,The Tailor of Panama ,1837068,199
2019,The Taking of Pelham 1 2 3 ,23373102,3
2020,The Tale of Despereaux ,10103675,2758
2021,The Talented Mr. Ripley ,12738237,2307
2022,The Tempest ,42436,5
2023,The Terminal ,19053199,2811
2024,The Texas Chainsaw Massacre: The Beginning ,18508228,2820
2025,The Theory of Everything ,208763,5
2026,The Thin Red Line ,11362226,1528
2027,The Thirteenth Floor ,4278452,1815
2028,The Thomas Crown Affair ,14600719,2427
2029,The Three Musketeers ,8674452,3017
2030,The Three Stooges ,17010125,3477
2031,The Tigger Movie ,9427532,2723
2032,The Time Machine ,22610437,2944
2033,The Time Traveler's Wife ,18623171,2988
2034,The Tooth Fairy ,,
2035,The Town ,23808032,2861
2036,The Transporter Refueled ,7130000,3434
2037,The Tree of Life ,493788,4
2038,The Truman Show ,31542121,2315
2039,The Tuxedo ,15051028,3022
2040,The Twilight Saga: Eclipse ,83637242,4468
2041,The Twilight Saga: New Moon ,142839137,4
2042,The Ugly Truth ,27605576,2882
2043,The Unborn ,19810585,2357
2044,The Upside of Anger ,211559,9
2045,The Vatican Tapes ,321464,427
2046,The Village ,50746142,3730
2047,The Visual Bible: The Gospel of John ,98363,14
2048,The Vow ,41202458,2958
2049,The Walk ,1560299,448
2050,The Warlords ,10073,3
2051,The Warrior's Way ,3048665,1622
2052,The Watch ,12750297,3168
2053,The Water Diviner ,1220335,320
2054,The Waterboy ,39414071,2664
2055,The Weather Man ,4248465,1510
2056,The Wedding Planner ,13510293,2785
2057,The White Countess ,67712,10
2058,The Whole Nine Yards ,15915676,2910
2059,The Whole Ten Yards ,6685381,2654
2060,The Widow of Saint-Pierre ,31702,1
2061,The Wild Thornberrys Movie ,6013847,3012
2062,The Wolf of Wall Street ,18361578,2557
2063,The Wolfman ,35555065,3222
2064,The Wolverine ,53113752,3924
2065,The Woman in Black ,20874072,2855
2066,The Women ,10115121,2962
2067,The World Is Not Enough ,35519007,3163
2068,The World's End ,8790237,1551
2069,The World's Fastest Indian ,400782,114
2070,The Yards ,57339,8
2071,The Yellow Handkerchief ,37296,7
2072,The Young and Prodigious T.S. Spivet ,33658,100
2073,The Young Messiah ,3294876,1761
2074,The Young Victoria ,160069,20
2075,There Be Dragons ,705537,259
2076,There Will Be Blood ,302845,2
2077,There's Something About Mary ,13740644,2186
2078,Things We Lost in the Fire ,1561949,1142
2079,Think Like a Man Too ,29241911,2225
2080,Think Like a Man ,33000000,2015
2081,Thinner ,5679046,2009
2082,Thir13en Ghosts ,15165355,2781
2083,Thirteen Days ,46668,8
2084,This Is 40 ,12030690,2913
2085,This Is the End ,20719162,3055
2086,This Is Where I Leave You ,11558149,2868
2087,This Means War ,17405930,3189
2088,Thomas and the Magic Railroad ,4154932,2106
2089,Thor: The Dark World ,85737841,3841
2090,Thor ,65723338,3955
2091,Three Kings ,15847636,2942
2092,Three to Tango ,4406135,2234
2093,Thunder and the House of Magic ,4091,10
2094,Thunderbirds ,2766810,2057
2095,Timeline ,8440629,2787
2096,Tin Cup ,10128834,2012
2097,Tinker Tailor Soldier Spy ,310562,4
2098,Titan A.E. ,9376845,2734
2099,Titanic ,28638131,2674
2100,TMNT ,24255205,
2101,To Rome with Love ,361359,5
2102,Tomcats ,6406076,2617
2103,Tomorrow Never Dies ,25143007,2807
2104,Topsy-Turvy ,32718,2
2105,Torque ,11442203,2463
2106,Tower Heist ,24025190,3367
2107,Town & Country ,3029858,2222
2108,Toy Story 2 ,57388839,3236
2109,Toy Story 3 ,110307189,4028
2110,Trade ,118086,90
2111,Traffic ,15517549,1510
2112,Training Day ,22550788,2712
2113,Trainwreck ,30097040,3158
2114,Train ,,
2115,Transcendence ,10886386,3455
2116,Transformers: Age of Extinction ,100038390,4233
2117,Transformers: Dark of the Moon ,97400000,4013
2118,Transformers: Revenge of the Fallen ,108966307,4234
2119,Transsiberian ,34615,2
2120,Trash ,10230,17
2121,Treasure Planet ,12083248,3227
2122,Triple 9 ,6109085,2205
2123,TRON: Legacy ,44026211,3451
2124,Tropic Thunder ,25812796,3319
2125,Trouble with the Curve ,12162040,3212
2126,True Grit ,24850000,3047
2127,Tuck Everlasting ,5268764,1185
2128,Turbo ,21312625,3806
2129,Turbulence ,4464008,2094
2130,Two Brothers ,6144160,2175
2131,Two Can Play That Game ,7720942,1297
2132,Two Lovers ,117591,7
2133,Two Weeks Notice ,14328494,2755
2134,U-571 ,19553310,2583
2135,U2 3D ,964315,61
2136,Ultraviolet ,9064880,2558
2137,Unaccompanied Minors ,5815474,
2138,Unbreakable ,30330771,2708
2139,Unbroken ,30621445,3131
2140,Under the Skin ,133154,4
2141,Under the Tuscan Sun ,9751425,1226
2142,Underclassman ,3086127,1132
2143,Undercover Brother ,12037685,2167
2144,Underworld: Awakening ,25306725,3078
2145,Underworld: Evolution ,26857181,3207
2146,Underworld: Rise of the Lycans ,20828511,2942
2147,Underworld ,21753759,2915
2148,Undisputed ,4548750,1102
2149,Unfaithful ,14065277,2613
2150,Unfinished Business ,4772613,2777
2151,United 93 ,11478360,1795
2152,United Passions ,607,10
2153,Universal Soldier: The Return ,4605167,1639
2154,Unstoppable ,22688457,3207
2155,Untraceable ,11354069,2316
2156,Up Close & Personal ,187067,
2157,Up in the Air ,1181450,15
2158,Up ,68108790,3
2159,Urban Legends: Final Cut ,8505513,2539
2160,Urban Legend ,10515444,2257
2161,V for Vendetta ,25642640,3365
2162,Vacation ,14681108,3411
2163,Valentine's Day ,63135312,3665
2164,Valiant ,5914722,2014
2165,Valkyrie ,21027007,2711
2166,Vampires Suck ,12202831,3233
2167,Vanilla Sky ,25015518,2742
2168,Vanity Fair ,6268925,1051
2169,Vantage Point ,22874936,3149
2170,Varsity Blues ,17515723,2121
2171,Vera Drake ,13207,2
2172,Vertical Limit ,15507845,2307
2173,Vicky Cristina Barcelona ,3755575,692
2174,Victor Frankenstein ,2469341,2797
2175,Volcano ,14581740,2774
2176,W. ,10505668,2030
2177,Walk Hard: The Dewey Cox Story ,6257174,2650
2178,Walk the Line ,22347341,2961
2179,Walking with Dinosaurs 3D ,7300000,3231
2180,Wall Street: Money Never Sleeps ,19011188,3565
2181,WALL·E ,63087526,3992
2182,Wanderlust ,6526650,2002
2183,Wanted ,217432,71
2184,War Horse ,14527972,2376
2185,War of the Worlds ,77061953,3908
2186,Warcraft ,24166110,3400
2187,Warm Bodies ,20353967,3009
2188,Warriors of Virtue ,3277084,2101
2189,Wasabi ,17560,5
2190,Watchmen ,55214334,3611
2191,Water for Elephants ,16842353,2817
2192,We Are Marshall ,8582508,
2193,We Bought a Zoo ,9450000,3117
2194,We Own the Night ,10826287,2362
2195,We Were Soldiers ,20212543,3143
2196,We're the Millers ,26419396,3260
2197,"Welcome Home, Roscoe Jenkins ",16207730,2387
2198,Welcome to Collinwood ,75180,16
2199,Welcome to Mooseport ,6775132,2867
2200,What a Girl Wants ,11434964,2964
2201,What Dreams May Come ,15833592,2526
2202,What Happens in Vegas ,20172474,3215
2203,What Just Happened ,192508,36
2204,What Lies Beneath ,29702959,2813
2205,What Planet Are You From? ,3008746,2248
2206,What to Expect When You're Expecting ,10547068,3476
2207,What Women Want ,33614543,3012
2208,What's the Worst That Could Happen? ,13049114,2675
2209,What's Your Number? ,5421669,3002
2210,Whatever It Takes ,4104298,2272
2211,Whatever Works ,266162,9
2212,When a Stranger Calls ,21607203,2999
2213,When the Game Stands Tall ,8381509,2673
2214,Where the Heart Is ,8292939,2437
2215,Where the Truth Lies ,37726,9
2216,Where the Wild Things Are ,32695407,3735
2217,Whip It ,4650812,1721
2218,White Chicks ,19676748,2726
2219,White House Down ,24852258,3222
2220,White Oleander ,5607480,1510
2221,White Squall ,3908514,1524
2222,Whiteout ,4915104,2745
2223,Why Did I Get Married Too? ,29289537,2155
2224,Why Did I Get Married? ,21353759,2011
2225,Wicker Park ,6819393,2598
2226,Wild Card ,,
2227,Wild Hogs ,39699023,3
2228,Wild Wild West ,49705055,3342
2229,Wild ,4113752,1061
2230,Willard ,4010593,1761
2231,Win a Date with Tad Hamilton! ,7320066,2711
2232,Windtalkers ,14520412,2898
2233,Wing Commander ,5114365,2019
2234,Winged Migration ,33128,1
2235,Winnie Mandela ,,
2236,Winnie the Pooh ,7857076,2405
2237,Winter's Tale ,8007059,2965
2238,Without a Paddle ,13528946,2730
2239,Without Limits ,56180,5
2240,Woman in Gold ,2091551,258
2241,Won't Back Down ,2603370,2515
2242,Wonder Boys ,87505,15
2243,Woo ,2517263,625
2244,World Trade Center ,18730762,
2245,World War Z ,66411834,3607
2246,Wrath of the Titans ,33457188,
2247,Wreck-It Ralph ,49038712,3752
2248,X-Men Origins: Wolverine ,85058003,4099
2249,X-Men: Apocalypse ,65000000,4150
2250,X-Men: Days of Future Past ,90823660,3996
2251,X-Men: First Class ,55101604,3641
2252,X-Men: The Last Stand ,122861157,
2253,X-Men ,54471475,3025
2254,Xi you ji zhi: Sun Wukong san da Baigu Jing ,,
2255,xXx: State of the Union ,12712272,3480
2256,xXx ,44506103,3374
2257,Year One ,19610304,3022
2258,Yes Man ,18262471,3434
2259,Yogi Bear ,16411322,3515
2260,You Again ,8407513,2548
2261,You Don't Mess with the Zohan ,38531374,3462
2262,You Will Meet a Tall Dark Stranger ,160103,6
2263,You've Got Mail ,18426749,2691
2264,"You, Me and Dupree ",21525560,3131
2265,Young Adult ,310263,8
2266,Your Highness ,9360020,2769
2267,Youth in Revolt ,6888334,1873
2268,Zack and Miri Make a Porno ,10065630,2735
2269,Zero Dark Thirty ,417150,5
2270,Zodiac ,13395610,
2271,Zombieland ,24733155,3036
2272,Zookeeper ,20065617,3482
2273,Zoolander 2 ,15650000,3394
2274,Zoom ,4510408,
2275,Æon Flux ,12661112,
